1	#смех#	#смех#	NOUN	_	Animacy=Inan|Case=Gen|Gender=Fem|Number=Sing	_	_	_	@es1944m-words#@es1944m#7.896#8.458
2	/	/	PUNCT	_	_	_	_	_	@es1944m-words#@es1944m#8.458#9.02
3	ну	ну	PART	_	_	_	_	_	@es1944m-words#@es1944m#9.02#9.582
4	/	/	PUNCT	_	_	_	_	_	@es1944m-words#@es1944m#9.582#10.144
5	тут	тут	ADV	_	Degree=Pos	_	_	_	@es1944m-words#@es1944m#10.144#10.706
6	проблема	проблема	NOUN	_	Animacy=Inan|Case=Nom|Gender=Fem|Number=Sing	_	_	_	@es1944m-words#@es1944m#10.706#11.268
7	такая	такой	DET	_	Case=Nom|Gender=Fem|Number=Sing	_	_	_	@es1944m-words#@es1944m#11.268#11.83
8	что	что	PRON	_	Case=Nom	_	_	_	@es1944m-words#@es1944m#11.83#12.392
9	/	/	PUNCT	_	_	_	_	_	@es1944m-words#@es1944m#12.392#12.954
10	сложно	сложный	ADV	_	Degree=Pos	_	_	_	@es1944m-words#@es1944m#12.954#13.516
11	не	не	PART	_	_	_	_	_	@es1944m-words#@es1944m#13.516#14.078
12	влюбиться	влюбиться	VERB	_	Aspect=Perf|VerbForm=Inf|Voice=Mid	_	_	_	@es1944m-words#@es1944m#14.078#14.64
13	в	в	ADP	_	_	_	_	_	@es1944m-words#@es1944m#14.64#15.202
14	меня	я	PRON	_	Case=Acc|Number=Sing|Person=1	_	_	_	@es1944m-words#@es1944m#15.202#15.764
15	если	если	SCONJ	_	_	_	_	_	@es1944m-words#@es1944m#15.764#16.326
16	/	/	PUNCT	_	_	_	_	_	@es1944m-words#@es1944m#16.326#16.888
17	#смех#	#смех#	NOUN	_	Animacy=Inan|Case=Gen|Gender=Fem|Number=Sing	_	_	_	@es1944m-words#@es1944m#16.888#17.45
18	/	/	PUNCT	_	_	_	_	_	@es1944m-words#@es1944m#17.45#18.012
19	ты	ты	PRON	_	Case=Nom|Number=Sing|Person=2	_	_	_	@es1944m-words#@es1944m#18.012#18.574
20	пообщался	пообщаться	VERB	_	Aspect=Imp|Gender=Masc|Mood=Ind|Number=Sing|Tense=Past|VerbForm=Fin|Voice=Mid	_	_	_	@es1944m-words#@es1944m#18.574#19.136
21	со	с	ADP	_	_	_	_	_	@es1944m-words#@es1944m#19.136#19.698
22	мной	я	PRON	_	Case=Ins|Number=Sing|Person=1	_	_	_	@es1944m-words#@es1944m#19.698#20.26
23	/	/	PUNCT	_	_	_	_	_	@es1944m-words#@es1944m#20.26#20.822
24	поэтому	поэтому	ADV	_	Degree=Pos	_	_	_	@es1944m-words#@es1944m#20.822#21.384
25	/	/	PUNCT	_	_	_	_	_	@es1944m-words#@es1944m#21.384#21.946
26	#смех#	#смех#	NOUN	_	Animacy=Inan|Case=Gen|Gender=Fem|Number=Sing	_	_	_	@es1944m-words#@es1944m#21.946#22.508
27	/	/	PUNCT	_	_	_	_	_	@es1944m-words#@es1944m#22.508#23.07
28	бесчисленное	бесчисленный	ADJ	_	Case=Nom|Degree=Pos|Gender=Neut|Number=Sing	_	_	_	@es1944m-words#@es1944m#23.07#23.632
29	множество	множество	NOUN	_	Animacy=Inan|Case=Nom|Gender=Neut|Number=Sing	_	_	_	@es1944m-words#@es1944m#23.632#24.194
30	сердец	сердец	NOUN	_	Animacy=Anim|Case=Nom|Gender=Masc|Number=Sing	_	_	_	@es1944m-words#@es1944m#24.194#24.756
31	конечно	конечно	ADV	_	Degree=Pos	_	_	_	@es1944m-words#@es1944m#24.756#25.318
32	же	же	PART	_	_	_	_	_	@es1944m-words#@es1944m#25.318#25.88
33	/	/	PUNCT	_	_	_	_	_	@es1944m-words#@es1944m#25.88#26.442
34	#смех#	#смех#	NOUN	_	Animacy=Inan|Case=Gen|Gender=Fem|Number=Sing	_	_	_	@es1944m-words#@es1944m#26.442#27.015
35	ну	ну	PART	_	_	_	_	_	@es1944m-words#@es1944m#28.4#28.61
36	наверно	наверно	ADV	_	Degree=Pos	_	_	_	@es1944m-words#@es1944m#28.61#28.82
37	да	да	CCONJ	_	_	_	_	_	@es1944m-words#@es1944m#28.82#29.03
38	/	/	PUNCT	_	_	_	_	_	@es1944m-words#@es1944m#29.03#29.24
39	что	что	PRON	_	Case=Nom	_	_	_	@es1944m-words#@es1944m#29.24#29.45
40	тут	тут	ADV	_	Degree=Pos	_	_	_	@es1944m-words#@es1944m#29.45#29.66
41	де..	де..	PROPN	_	Animacy=Anim|Case=Ins|Gender=Fem|Number=Sing	_	_	_	@es1944m-words#@es1944m#29.66#29.87
42	/	/	PUNCT	_	_	_	_	_	@es1944m-words#@es1944m#29.87#30.08
43	#смех#	#смех#	NOUN	_	Animacy=Inan|Case=Gen|Gender=Fem|Number=Sing	_	_	_	@es1944m-words#@es1944m#30.08#30.29
44	/	/	PUNCT	_	_	_	_	_	@es1944m-words#@es1944m#30.29#30.5
45	что	что	SCONJ	_	_	_	_	_	@es1944m-words#@es1944m#30.5#30.71
46	тут	тут	ADV	_	Degree=Pos	_	_	_	@es1944m-words#@es1944m#30.71#30.92
47	сделаешь	делать	VERB	_	Aspect=Perf|Mood=Ind|Number=Sing|Person=2|Tense=Fut|VerbForm=Fin|Voice=Act	_	_	_	@es1944m-words#@es1944m#30.92#31.132
48	#смех#	#смех#	NOUN	_	Animacy=Inan|Case=Gen|Gender=Fem|Number=Sing	_	_	_	@es1944m-words#@es1944m#35.469#36.125
49	/	/	PUNCT	_	_	_	_	_	@es1944m-words#@es1944m#36.125#36.781
50	ээ	ээ	INTJ	_	_	_	_	_	@es1944m-words#@es1944m#36.781#37.437
51	/	/	PUNCT	_	_	_	_	_	@es1944m-words#@es1944m#37.437#38.093
52	потому	потому	ADV	_	Degree=Pos	_	_	_	@es1944m-words#@es1944m#38.093#38.749
53	что	что	SCONJ	_	_	_	_	_	@es1944m-words#@es1944m#38.749#39.405
54	я	я	PRON	_	Case=Nom|Number=Sing|Person=1	_	_	_	@es1944m-words#@es1944m#39.405#40.061
55	/	/	PUNCT	_	_	_	_	_	@es1944m-words#@es1944m#40.061#40.717
56	э	эра	INTJ	_	_	_	_	_	@es1944m-words#@es1944m#40.717#41.373
57	/	/	PUNCT	_	_	_	_	_	@es1944m-words#@es1944m#41.373#42.029
58	человек	человек	NOUN	_	Animacy=Anim|Case=Nom|Gender=Masc|Number=Sing	_	_	_	@es1944m-words#@es1944m#42.029#42.685
59	мира	мир	NOUN	_	Animacy=Inan|Case=Gen|Gender=Masc|Number=Sing	_	_	_	@es1944m-words#@es1944m#42.685#43.341
60	/	/	PUNCT	_	_	_	_	_	@es1944m-words#@es1944m#43.341#43.997
61	получилось-то	получилось-то	ADV	_	Degree=Pos	_	_	_	@es1944m-words#@es1944m#43.997#44.653
62	/	/	PUNCT	_	_	_	_	_	@es1944m-words#@es1944m#44.653#45.309
63	я	я	PRON	_	Case=Nom|Number=Sing|Person=1	_	_	_	@es1944m-words#@es1944m#45.309#45.965
64	удмурт	удмурть	VERB	_	Aspect=Perf|Gender=Masc|Number=Sing|Tense=Past|Variant=Short|VerbForm=Part|Voice=Pass	_	_	_	@es1944m-words#@es1944m#45.965#46.621
65	свободный	свободный	ADJ	_	Case=Nom|Degree=Pos|Gender=Masc|Number=Sing	_	_	_	@es1944m-words#@es1944m#46.621#47.277
66	#смех#	#смех#	NOUN	_	Animacy=Inan|Case=Gen|Gender=Fem|Number=Sing	_	_	_	@es1944m-words#@es1944m#47.277#47.933
67	/	/	PUNCT	_	_	_	_	_	@es1944m-words#@es1944m#47.933#48.589
68	блин	блин	NOUN	_	Animacy=Inan|Case=Nom|Gender=Masc|Number=Sing	_	_	_	@es1944m-words#@es1944m#48.589#49.245
69	ужас	ужас	VERB	_	Aspect=Perf|Gender=Masc|Mood=Ind|Number=Sing|Tense=Past|VerbForm=Fin|Voice=Act	_	_	_	@es1944m-words#@es1944m#49.245#49.91
70	блин	блин	NOUN	_	Animacy=Inan|Case=Acc|Gender=Masc|Number=Sing	_	_	_	@es1944m-words#@es1944m#60.679#61.053
71	сложно	сложный	ADJ	_	Degree=Pos|Gender=Neut|Number=Sing|Variant=Short	_	_	_	@es1944m-words#@es1944m#61.053#61.427
72	сказать	сказать	VERB	_	Aspect=Perf|VerbForm=Inf|Voice=Act	_	_	_	@es1944m-words#@es1944m#61.427#61.801
73	/	/	PUNCT	_	_	_	_	_	@es1944m-words#@es1944m#61.801#62.175
74	выступать	выступать	VERB	_	Aspect=Imp|VerbForm=Inf|Voice=Act	_	_	_	@es1944m-words#@es1944m#62.175#62.549
75	так	так	ADV	_	Degree=Pos	_	_	_	@es1944m-words#@es1944m#62.549#62.923
76	же	же	PART	_	_	_	_	_	@es1944m-words#@es1944m#62.923#63.297
77	как	как	SCONJ	_	_	_	_	_	@es1944m-words#@es1944m#63.297#63.671
78	и	и	PART	_	_	_	_	_	@es1944m-words#@es1944m#63.671#64.045
79	всегд…	всегд…	PUNCT	_	_	_	_	_	@es1944m-words#@es1944m#64.045#64.419
80	как	как	SCONJ	_	_	_	_	_	@es1944m-words#@es1944m#64.419#64.793
81	и	и	PART	_	_	_	_	_	@es1944m-words#@es1944m#64.793#65.167
82	везде	везде	ADV	_	Degree=Pos	_	_	_	@es1944m-words#@es1944m#65.167#65.541
83	наверно	наверно	ADV	_	Degree=Pos	_	_	_	@es1944m-words#@es1944m#65.541#65.915
84	/	/	PUNCT	_	_	_	_	_	@es1944m-words#@es1944m#65.915#66.289
85	в	в	ADP	_	_	_	_	_	@es1944m-words#@es1944m#66.289#66.663
86	Таджикистане	Таджикистан	PROPN	_	Animacy=Inan|Case=Loc|Gender=Masc|Number=Sing	_	_	_	@es1944m-words#@es1944m#66.663#67.037
87	/	/	PUNCT	_	_	_	_	_	@es1944m-words#@es1944m#67.037#67.411
88	этот	этот	DET	_	Case=Nom|Gender=Masc|Number=Sing	_	_	_	@es1944m-words#@es1944m#67.411#67.785
89	/	/	PUNCT	_	_	_	_	_	@es1944m-words#@es1944m#67.785#68.159
90	сильная	сильный	ADJ	_	Case=Nom|Degree=Pos|Gender=Fem|Number=Sing	_	_	_	@es1944m-words#@es1944m#68.159#68.533
91	цензура	цензура	NOUN	_	Animacy=Inan|Case=Nom|Gender=Fem|Number=Sing	_	_	_	@es1944m-words#@es1944m#68.533#68.907
92	интересно	интересный	ADJ	_	Degree=Pos|Gender=Neut|Number=Sing|Variant=Short	_	_	_	@es1944m-words#@es1944m#68.907#69.294
93	оо	оо	NOUN	_	Animacy=Inan|Case=Nom|Gender=Neut|Number=Sing	_	_	_	@es1944m-words#@es1944m#75.141#75.502
94	/	/	PUNCT	_	_	_	_	_	@es1944m-words#@es1944m#75.502#75.863
95	оо	оо	ADV	_	Degree=Pos	_	_	_	@es1944m-words#@es1944m#75.863#76.224
96	/	/	PUNCT	_	_	_	_	_	@es1944m-words#@es1944m#76.224#76.585
97	это	это	PRON	_	Animacy=Inan|Case=Nom|Gender=Neut|Number=Sing	_	_	_	@es1944m-words#@es1944m#76.585#76.946
98	с	с	ADP	_	_	_	_	_	@es1944m-words#@es1944m#76.946#77.307
99	разгонов	разгон	NOUN	_	Animacy=Inan|Case=Gen|Gender=Masc|Number=Plur	_	_	_	@es1944m-words#@es1944m#77.307#77.668
100	пришли	прийти	VERB	_	Aspect=Perf|Mood=Ind|Number=Plur|Tense=Past|VerbForm=Fin|Voice=Act	_	_	_	@es1944m-words#@es1944m#77.668#78.029
101	люди	человек	NOUN	_	Animacy=Anim|Case=Nom|Gender=Masc|Number=Plur	_	_	_	@es1944m-words#@es1944m#78.029#78.397
102	да	да	CCONJ	_	_	_	_	_	@es1944m-words#@es1944m#80.064#80.438
103	да	да	PART	_	_	_	_	_	@es1944m-words#@es1944m#80.438#80.812
104	я	я	PRON	_	Case=Nom|Number=Sing|Person=1	_	_	_	@es1944m-words#@es1944m#80.812#81.186
105	сильно	сильно	ADV	_	Degree=Pos	_	_	_	@es1944m-words#@es1944m#81.186#81.56
106	лунач…	лунач…	PUNCT	_	_	_	_	_	@es1944m-words#@es1944m#81.56#81.934
107	лунатил	лунатить	VERB	_	Aspect=Imp|Gender=Masc|Mood=Ind|Number=Sing|Tense=Past|VerbForm=Fin|Voice=Act	_	_	_	@es1944m-words#@es1944m#81.934#82.308
108	/	/	PUNCT	_	_	_	_	_	@es1944m-words#@es1944m#82.308#82.682
109	нет	нет	PART	_	_	_	_	_	@es1944m-words#@es1944m#82.682#83.056
110	/	/	PUNCT	_	_	_	_	_	@es1944m-words#@es1944m#83.056#83.43
111	нуу	ну	NOUN	_	Animacy=Inan|Case=Acc|Gender=Fem|Number=Sing	_	_	_	@es1944m-words#@es1944m#83.43#83.804
112	/	/	PUNCT	_	_	_	_	_	@es1944m-words#@es1944m#83.804#84.178
113	ниче	нико	ADV	_	Degree=Pos	_	_	_	@es1944m-words#@es1944m#84.178#84.552
114	/	/	PUNCT	_	_	_	_	_	@es1944m-words#@es1944m#84.552#84.926
115	н…	н…	PUNCT	_	_	_	_	_	@es1944m-words#@es1944m#84.926#85.3
116	пока	пока	ADV	_	Degree=Pos	_	_	_	@es1944m-words#@es1944m#85.3#85.674
117	я	я	PRON	_	Case=Nom|Number=Sing|Person=1	_	_	_	@es1944m-words#@es1944m#85.674#86.051
118	ну	ну	PART	_	_	_	_	_	@es1944m-words#@es1944m#88.026#88.284
119	/	/	PUNCT	_	_	_	_	_	@es1944m-words#@es1944m#88.284#88.542
120	смотри	смотреть	VERB	_	Aspect=Imp|Mood=Imp|Number=Sing|Person=2|VerbForm=Fin|Voice=Act	_	_	_	@es1944m-words#@es1944m#88.542#88.8
121	в	в	ADP	_	_	_	_	_	@es1944m-words#@es1944m#88.8#89.058
122	разг..	разг..	PROPN	_	Animacy=Anim|Case=Ins|Gender=Fem|Number=Sing	_	_	_	@es1944m-words#@es1944m#89.058#89.32
123	да	да	CCONJ	_	_	_	_	_	@es1944m-words#@es1944m#89.358#89.723
124	я	я	PRON	_	Case=Nom|Number=Sing|Person=1	_	_	_	@es1944m-words#@es1944m#89.723#90.088
125	там	там	ADV	_	Degree=Pos	_	_	_	@es1944m-words#@es1944m#90.088#90.453
126	я	я	PRON	_	Case=Nom|Number=Sing|Person=1	_	_	_	@es1944m-words#@es1944m#90.453#90.818
127	там	там	ADV	_	Degree=Pos	_	_	_	@es1944m-words#@es1944m#90.818#91.183
128	да	да	PART	_	_	_	_	_	@es1944m-words#@es1944m#91.183#91.548
129	/	/	PUNCT	_	_	_	_	_	@es1944m-words#@es1944m#91.548#91.913
130	ну	ну	PART	_	_	_	_	_	@es1944m-words#@es1944m#91.913#92.278
131	/	/	PUNCT	_	_	_	_	_	@es1944m-words#@es1944m#92.278#92.643
132	хож…	хож…	PUNCT	_	_	_	_	_	@es1944m-words#@es1944m#92.643#93.008
133	ходил	ходить	VERB	_	Aspect=Imp|Gender=Masc|Mood=Ind|Number=Sing|Tense=Past|VerbForm=Fin|Voice=Act	_	_	_	@es1944m-words#@es1944m#93.008#93.373
134	короче	коротко	ADV	_	Degree=Cmp	_	_	_	@es1944m-words#@es1944m#93.373#93.738
135	/	/	PUNCT	_	_	_	_	_	@es1944m-words#@es1944m#93.738#94.103
136	хожу	ходить	VERB	_	Aspect=Imp|Mood=Ind|Number=Sing|Person=1|Tense=Pres|VerbForm=Fin|Voice=Act	_	_	_	@es1944m-words#@es1944m#94.103#94.468
137	хожу	ходить	NOUN	_	Animacy=Inan|Case=Acc|Gender=Fem|Number=Sing	_	_	_	@es1944m-words#@es1944m#94.468#94.833
138	/	/	PUNCT	_	_	_	_	_	@es1944m-words#@es1944m#94.833#95.198
139	и	и	CCONJ	_	_	_	_	_	@es1944m-words#@es1944m#95.198#95.563
140	может	мочь	VERB	_	Aspect=Imp|Mood=Ind|Number=Sing|Person=3|Tense=Pres|VerbForm=Fin|Voice=Act	_	_	_	@es1944m-words#@es1944m#95.563#95.928
141	это	это	PRON	_	Animacy=Inan|Case=Nom|Gender=Neut|Number=Sing	_	_	_	@es1944m-words#@es1944m#95.928#96.293
142	опасно	опасно	ADJ	_	Degree=Pos|Gender=Neut|Number=Sing|Variant=Short	_	_	_	@es1944m-words#@es1944m#96.293#96.658
143	короче	короткий	ADV	_	Degree=Cmp	_	_	_	@es1944m-words#@es1944m#96.658#97.023
144	быть	быть	VERB	_	Aspect=Imp|VerbForm=Inf|Voice=Act	_	_	_	@es1944m-words#@es1944m#97.023#97.388
145	/	/	PUNCT	_	_	_	_	_	@es1944m-words#@es1944m#97.388#97.753
146	ээ	ээ	INTJ	_	_	_	_	_	@es1944m-words#@es1944m#97.753#98.118
147	/	/	PUNCT	_	_	_	_	_	@es1944m-words#@es1944m#98.118#98.483
148	но	но	CCONJ	_	_	_	_	_	@es1944m-words#@es1944m#98.483#98.848
149	нет	нет	PART	_	_	_	_	_	@es1944m-words#@es1944m#98.848#99.213
150	/	/	PUNCT	_	_	_	_	_	@es1944m-words#@es1944m#99.213#99.578
151	н…	н…	PUNCT	_	_	_	_	_	@es1944m-words#@es1944m#99.578#99.943
152	пока	пока	ADV	_	Degree=Pos	_	_	_	@es1944m-words#@es1944m#99.943#100.308
153	видимо	видимо	ADV	_	Degree=Pos	_	_	_	@es1944m-words#@es1944m#100.308#100.673
154	физического	физический	ADJ	_	Case=Gen|Degree=Pos|Gender=Masc|Number=Sing	_	_	_	@es1944m-words#@es1944m#100.673#101.038
155	вреда	вред	NOUN	_	Animacy=Inan|Case=Gen|Gender=Masc|Number=Sing	_	_	_	@es1944m-words#@es1944m#101.038#101.403
156	себе	себя	PRON	_	Case=Dat	_	_	_	@es1944m-words#@es1944m#101.403#101.768
157	не	не	PART	_	_	_	_	_	@es1944m-words#@es1944m#101.768#102.133
158	на…	на…	PUNCT	_	_	_	_	_	@es1944m-words#@es1944m#102.133#102.498
159	не	не	PART	_	_	_	_	_	@es1944m-words#@es1944m#102.498#102.863
160	нанесу	нанести	VERB	_	Aspect=Perf|Mood=Ind|Number=Sing|Person=1|Tense=Fut|VerbForm=Fin|Voice=Act	_	_	_	@es1944m-words#@es1944m#102.863#103.228
161	какого-то	какой-то	DET	_	Case=Gen|Gender=Masc|Number=Sing	_	_	_	@es1944m-words#@es1944m#103.228#103.593
162	кому-то	кто-то	PRON	_	Case=Dat	_	_	_	@es1944m-words#@es1944m#103.593#103.958
163	/	/	PUNCT	_	_	_	_	_	@es1944m-words#@es1944m#103.958#104.323
164	я	я	PRON	_	Case=Nom|Number=Sing|Person=1	_	_	_	@es1944m-words#@es1944m#104.323#104.688
165	пока	пока	ADV	_	Degree=Pos	_	_	_	@es1944m-words#@es1944m#104.688#105.053
166	ничё	ниче	PRON	_	Animacy=Inan|Case=Acc|Gender=Neut|Number=Sing	_	_	_	@es1944m-words#@es1944m#105.053#105.418
167	не	не	PART	_	_	_	_	_	@es1944m-words#@es1944m#105.418#105.783
168	делаю	делать	VERB	_	Aspect=Imp|Mood=Ind|Number=Sing|Person=1|Tense=Pres|VerbForm=Fin|Voice=Act	_	_	_	@es1944m-words#@es1944m#105.783#106.148
169	/	/	PUNCT	_	_	_	_	_	@es1944m-words#@es1944m#106.148#106.513
170	#смех#	#смех#	NOUN	_	Animacy=Inan|Case=Gen|Gender=Fem|Number=Sing	_	_	_	@es1944m-words#@es1944m#106.513#106.878
171	/	/	PUNCT	_	_	_	_	_	@es1944m-words#@es1944m#106.878#107.243
172	блин	блин	NOUN	_	Animacy=Inan|Case=Gen|Gender=Fem|Number=Plur	_	_	_	@es1944m-words#@es1944m#107.243#107.608
173	/	/	PUNCT	_	_	_	_	_	@es1944m-words#@es1944m#107.608#107.973
174	о	о	INTJ	_	_	_	_	_	@es1944m-words#@es1944m#107.973#108.338
175	/	/	PUNCT	_	_	_	_	_	@es1944m-words#@es1944m#108.338#108.703
176	вот	вот	PART	_	_	_	_	_	@es1944m-words#@es1944m#108.703#109.068
177	я	я	PRON	_	Case=Nom|Number=Sing|Person=1	_	_	_	@es1944m-words#@es1944m#109.068#109.433
178	в	в	ADP	_	_	_	_	_	@es1944m-words#@es1944m#109.433#109.798
179	разго…	разго…	PUNCT	_	_	_	_	_	@es1944m-words#@es1944m#109.798#110.163
180	нет	нет	VERB	_	Aspect=Imp|Mood=Ind|Number=Sing|Person=3|Tense=Pres|VerbForm=Fin|Voice=Act	_	_	_	@es1944m-words#@es1944m#110.163#110.528
181	/	/	PUNCT	_	_	_	_	_	@es1944m-words#@es1944m#110.528#110.893
182	ладно	ладно	PART	_	_	_	_	_	@es1944m-words#@es1944m#110.893#111.258
183	это	это	PRON	_	Animacy=Inan|Case=Nom|Gender=Neut|Number=Sing	_	_	_	@es1944m-words#@es1944m#111.258#111.623
184	ост…	ост…	PUNCT	_	_	_	_	_	@es1944m-words#@es1944m#111.623#111.988
185	/	/	PUNCT	_	_	_	_	_	@es1944m-words#@es1944m#111.988#112.353
186	#смех#	#смех#	NOUN	_	Animacy=Inan|Case=Gen|Gender=Fem|Number=Sing	_	_	_	@es1944m-words#@es1944m#112.353#112.718
187	/	/	PUNCT	_	_	_	_	_	@es1944m-words#@es1944m#112.718#113.083
188	что	что	SCONJ	_	_	_	_	_	@es1944m-words#@es1944m#113.083#113.448
189	у	у	ADP	_	_	_	_	_	@es1944m-words#@es1944m#113.448#113.813
190	меня	я	PRON	_	Case=Gen|Number=Sing|Person=1	_	_	_	@es1944m-words#@es1944m#113.813#114.178
191	был	быть	VERB	_	Aspect=Imp|Gender=Masc|Mood=Ind|Number=Sing|Tense=Past|VerbForm=Fin|Voice=Act	_	_	_	@es1944m-words#@es1944m#114.178#114.543
192	м…	м…	PUNCT	_	_	_	_	_	@es1944m-words#@es1944m#114.543#114.908
193	/	/	PUNCT	_	_	_	_	_	@es1944m-words#@es1944m#114.908#115.273
194	у	у	ADP	_	_	_	_	_	@es1944m-words#@es1944m#115.273#115.638
195	меня	я	PRON	_	Case=Gen|Number=Sing|Person=1	_	_	_	@es1944m-words#@es1944m#115.638#116.003
196	был	быть	AUX	_	Aspect=Imp|Gender=Masc|Mood=Ind|Number=Sing|Tense=Past|VerbForm=Fin|Voice=Act	_	_	_	@es1944m-words#@es1944m#116.003#116.368
197	момент	момент	NOUN	_	Animacy=Inan|Case=Nom|Gender=Masc|Number=Sing	_	_	_	@es1944m-words#@es1944m#116.368#116.733
198	/	/	PUNCT	_	_	_	_	_	@es1944m-words#@es1944m#116.733#117.098
199	когда	когда	SCONJ	_	_	_	_	_	@es1944m-words#@es1944m#117.098#117.463
200	мы	мы	PRON	_	Case=Nom|Number=Plur|Person=1	_	_	_	@es1944m-words#@es1944m#117.463#117.828
201	с	с	ADP	_	_	_	_	_	@es1944m-words#@es1944m#117.828#118.193
202	девушкой	девушка	NOUN	_	Animacy=Anim|Case=Ins|Gender=Fem|Number=Sing	_	_	_	@es1944m-words#@es1944m#118.193#118.558
203	жили	жить	VERB	_	Aspect=Imp|Mood=Ind|Number=Plur|Tense=Past|VerbForm=Fin|Voice=Act	_	_	_	@es1944m-words#@es1944m#118.558#118.923
204	и	и	PART	_	_	_	_	_	@es1944m-words#@es1944m#118.923#119.288
205	я	я	PRON	_	Case=Nom|Number=Sing|Person=1	_	_	_	@es1944m-words#@es1944m#119.288#119.653
206	проснулся	проснуться	VERB	_	Aspect=Perf|Gender=Masc|Mood=Ind|Number=Sing|Tense=Past|VerbForm=Fin|Voice=Mid	_	_	_	@es1944m-words#@es1944m#119.653#120.018
207	/	/	PUNCT	_	_	_	_	_	@es1944m-words#@es1944m#120.018#120.383
208	и	и	CCONJ	_	_	_	_	_	@es1944m-words#@es1944m#120.383#120.748
209	у	у	ADP	_	_	_	_	_	@es1944m-words#@es1944m#120.748#121.113
210	меня	я	PRON	_	Case=Gen|Number=Sing|Person=1	_	_	_	@es1944m-words#@es1944m#121.113#121.478
211	/	/	PUNCT	_	_	_	_	_	@es1944m-words#@es1944m#121.478#121.843
212	было	быть	VERB	_	Aspect=Imp|Gender=Neut|Mood=Ind|Number=Sing|Tense=Past|VerbForm=Fin|Voice=Act	_	_	_	@es1944m-words#@es1944m#121.843#122.208
213	/	/	PUNCT	_	_	_	_	_	@es1944m-words#@es1944m#122.208#122.573
214	ощущение	ощущение	NOUN	_	Animacy=Inan|Case=Nom|Gender=Neut|Number=Sing	_	_	_	@es1944m-words#@es1944m#122.573#122.938
215	что	что	PRON	_	Case=Nom	_	_	_	@es1944m-words#@es1944m#122.938#123.303
216	со	с	ADP	_	_	_	_	_	@es1944m-words#@es1944m#123.303#123.668
217	мной	я	PRON	_	Case=Ins|Number=Sing|Person=1	_	_	_	@es1944m-words#@es1944m#123.668#124.033
218	рядом	рядом	ADV	_	Degree=Pos	_	_	_	@es1944m-words#@es1944m#124.033#124.398
219	какой-то	какой-то	DET	_	Case=Nom|Gender=Masc|Number=Sing	_	_	_	@es1944m-words#@es1944m#124.398#124.763
220	дьявол	дьявол	NOUN	_	Animacy=Anim|Case=Nom|Gender=Masc|Number=Sing	_	_	_	@es1944m-words#@es1944m#124.763#125.128
221	спит	спать	VERB	_	Aspect=Imp|Mood=Ind|Number=Sing|Person=3|Tense=Pres|VerbForm=Fin|Voice=Act	_	_	_	@es1944m-words#@es1944m#125.128#125.493
222	/	/	PUNCT	_	_	_	_	_	@es1944m-words#@es1944m#125.493#125.858
223	#смех#	#смех#	NOUN	_	Animacy=Inan|Case=Gen|Gender=Fem|Number=Sing	_	_	_	@es1944m-words#@es1944m#125.858#126.223
224	/	/	PUNCT	_	_	_	_	_	@es1944m-words#@es1944m#126.223#126.588
225	секунду	секунда	NOUN	_	Animacy=Inan|Case=Acc|Gender=Fem|Number=Sing	_	_	_	@es1944m-words#@es1944m#126.588#126.953
226	/	/	PUNCT	_	_	_	_	_	@es1944m-words#@es1944m#126.953#127.318
227	я	я	PRON	_	Case=Nom|Number=Sing|Person=1	_	_	_	@es1944m-words#@es1944m#127.318#127.683
228	такой	такой	DET	_	Case=Ins|Gender=Fem|Number=Sing	_	_	_	@es1944m-words#@es1944m#127.683#128.048
229	ой	а	NOUN	_	Animacy=Inan|Case=Ins|Gender=Fem|Number=Sing	_	_	_	@es1944m-words#@es1944m#128.048#128.413
230	нет	нет	VERB	_	Aspect=Imp|Mood=Ind|Number=Sing|Person=3|Tense=Pres|VerbForm=Fin|Voice=Act	_	_	_	@es1944m-words#@es1944m#128.413#128.778
231	всё	все	PRON	_	Animacy=Inan|Case=Acc|Gender=Neut|Number=Sing	_	_	_	@es1944m-words#@es1944m#128.778#129.143
232	мне	я	PRON	_	Case=Dat|Number=Sing|Person=1	_	_	_	@es1944m-words#@es1944m#129.143#129.508
233	показ…	показ…	PUNCT	_	_	_	_	_	@es1944m-words#@es1944m#129.508#129.873
234	причудилось	чудиться	VERB	_	Aspect=Perf|Gender=Neut|Mood=Ind|Number=Sing|Tense=Past|VerbForm=Fin|Voice=Mid	_	_	_	@es1944m-words#@es1944m#129.873#130.238
235	#смех#	#смех#	NOUN	_	Animacy=Inan|Case=Gen|Gender=Fem|Number=Sing	_	_	_	@es1944m-words#@es1944m#130.238#130.603
236	но	но	CCONJ	_	_	_	_	_	@es1944m-words#@es1944m#130.603#130.968
237	опас..	опас..	PROPN	_	Animacy=Anim|Case=Ins|Gender=Fem|Number=Sing	_	_	_	@es1944m-words#@es1944m#130.968#131.333
238	опасно	опасно	ADV	_	Degree=Pos	_	_	_	@es1944m-words#@es1944m#131.333#131.698
239	как	как	ADV	_	Degree=Pos	_	_	_	@es1944m-words#@es1944m#131.698#132.063
240	будто	будто	PART	_	_	_	_	_	@es1944m-words#@es1944m#132.063#132.428
241	было	было	AUX	_	Aspect=Imp|Gender=Neut|Mood=Ind|Number=Sing|Tense=Past|VerbForm=Fin|Voice=Act	_	_	_	@es1944m-words#@es1944m#132.428#132.793
242	на	на	ADP	_	_	_	_	_	@es1944m-words#@es1944m#132.793#133.158
243	секунду	секунда	NOUN	_	Animacy=Inan|Case=Acc|Gender=Fem|Number=Sing	_	_	_	@es1944m-words#@es1944m#133.158#133.555
244	смех#	смех#	NOUN	_	Animacy=Inan|Case=Gen|Gender=Fem|Number=Sing	_	_	_	@es1944m-words#@es1944m#136.244#136.95
245	не	не	PART	_	_	_	_	_	@es1944m-words#@es1944m#136.95#137.656
246	знаю	знать	VERB	_	Aspect=Imp|Mood=Ind|Number=Sing|Person=1|Tense=Pres|VerbForm=Fin|Voice=Act	_	_	_	@es1944m-words#@es1944m#137.656#138.362
247	/	/	PUNCT	_	_	_	_	_	@es1944m-words#@es1944m#138.362#139.068
248	к…	к…	PUNCT	_	_	_	_	_	@es1944m-words#@es1944m#139.068#139.774
249	крест	крест	NOUN	_	Animacy=Inan|Case=Nom|Gender=Masc|Number=Sing	_	_	_	@es1944m-words#@es1944m#139.774#140.48
250	в	в	ADP	_	_	_	_	_	@es1944m-words#@es1944m#140.48#141.186
251	него	он	PRON	_	Case=Acc|Gender=Masc|Number=Sing|Person=3	_	_	_	@es1944m-words#@es1944m#141.186#141.892
252	воткнул	воткнуть	VERB	_	Aspect=Perf|Gender=Masc|Mood=Ind|Number=Sing|Tense=Past|VerbForm=Fin|Voice=Act	_	_	_	@es1944m-words#@es1944m#141.892#142.598
253	#смех#	#смех#	NOUN	_	Animacy=Inan|Case=Gen|Gender=Fem|Number=Sing	_	_	_	@es1944m-words#@es1944m#142.598#143.311
254	да	да	CCONJ	_	_	_	_	_	@es1944m-words#@es1944m#148.068#148.386
255	я	я	PRON	_	Case=Nom|Number=Sing|Person=1	_	_	_	@es1944m-words#@es1944m#148.386#148.704
256	просто	просто	PART	_	_	_	_	_	@es1944m-words#@es1944m#148.704#149.022
257	крест	крест	NOUN	_	Animacy=Inan|Case=Nom|Gender=Masc|Number=Sing	_	_	_	@es1944m-words#@es1944m#149.022#149.34
258	под	под	ADP	_	_	_	_	_	@es1944m-words#@es1944m#149.34#149.658
259	/	/	PUNCT	_	_	_	_	_	@es1944m-words#@es1944m#149.658#149.976
260	э	эра	INTJ	_	_	_	_	_	@es1944m-words#@es1944m#149.976#150.294
261	/	/	PUNCT	_	_	_	_	_	@es1944m-words#@es1944m#150.294#150.612
262	под	под	ADP	_	_	_	_	_	@es1944m-words#@es1944m#150.612#150.93
263	подушкой	подушка	NOUN	_	Animacy=Inan|Case=Ins|Gender=Fem|Number=Sing	_	_	_	@es1944m-words#@es1944m#150.93#151.248
264	всегда	всегда	ADV	_	Degree=Pos	_	_	_	@es1944m-words#@es1944m#151.248#151.566
265	/	/	PUNCT	_	_	_	_	_	@es1944m-words#@es1944m#151.566#151.884
266	блин	блин	NOUN	_	Animacy=Inan|Case=Acc|Gender=Masc|Number=Sing	_	_	_	@es1944m-words#@es1944m#151.884#152.202
267	я	я	PRON	_	Case=Nom|Number=Sing|Person=1	_	_	_	@es1944m-words#@es1944m#152.202#152.52
268	вспомнил	вспомянуть	VERB	_	Aspect=Perf|Gender=Masc|Mood=Ind|Number=Sing|Tense=Past|VerbForm=Fin|Voice=Act	_	_	_	@es1944m-words#@es1944m#152.52#152.838
269	ещё	еще	ADV	_	Degree=Pos	_	_	_	@es1944m-words#@es1944m#152.838#153.156
270	что	что	SCONJ	_	_	_	_	_	@es1944m-words#@es1944m#153.156#153.474
271	/	/	PUNCT	_	_	_	_	_	@es1944m-words#@es1944m#153.474#153.792
272	как	как	SCONJ	_	_	_	_	_	@es1944m-words#@es1944m#153.792#154.11
273	меня	я	PRON	_	Case=Acc|Number=Sing|Person=1	_	_	_	@es1944m-words#@es1944m#154.11#154.428
274	лечили	лечить	VERB	_	Aspect=Imp|Mood=Ind|Number=Plur|Tense=Past|VerbForm=Fin|Voice=Act	_	_	_	@es1944m-words#@es1944m#154.428#154.746
275	от	от	ADP	_	_	_	_	_	@es1944m-words#@es1944m#154.746#155.064
276	страшных	страшный	ADJ	_	Case=Gen|Degree=Pos|Number=Plur	_	_	_	@es1944m-words#@es1944m#155.064#155.382
277	снов	сон	NOUN	_	Animacy=Inan|Case=Gen|Gender=Masc|Number=Plur	_	_	_	@es1944m-words#@es1944m#155.382#155.7
278	/	/	PUNCT	_	_	_	_	_	@es1944m-words#@es1944m#155.7#156.018
279	#смех#	#смех#	NOUN	_	Animacy=Inan|Case=Gen|Gender=Fem|Number=Sing	_	_	_	@es1944m-words#@es1944m#156.018#156.336
280	/	/	PUNCT	_	_	_	_	_	@es1944m-words#@es1944m#156.336#156.654
281	ну	ну	PART	_	_	_	_	_	@es1944m-words#@es1944m#156.654#156.972
282	/	/	PUNCT	_	_	_	_	_	@es1944m-words#@es1944m#156.972#157.29
283	точнее	точно	ADV	_	Degree=Cmp	_	_	_	@es1944m-words#@es1944m#157.29#157.608
284	/	/	PUNCT	_	_	_	_	_	@es1944m-words#@es1944m#157.608#157.926
285	типа	тип	NOUN	_	Animacy=Inan|Case=Gen|Gender=Masc|Number=Sing	_	_	_	@es1944m-words#@es1944m#157.926#158.244
286	/	/	PUNCT	_	_	_	_	_	@es1944m-words#@es1944m#158.244#158.562
287	мне	я	PRON	_	Case=Dat|Number=Sing|Person=1	_	_	_	@es1944m-words#@es1944m#158.562#158.88
288	родители	родитель	NOUN	_	Animacy=Anim|Case=Nom|Gender=Masc|Number=Plur	_	_	_	@es1944m-words#@es1944m#158.88#159.198
289	говорили	говорить	VERB	_	Aspect=Imp|Mood=Ind|Number=Plur|Tense=Past|VerbForm=Fin|Voice=Act	_	_	_	@es1944m-words#@es1944m#159.198#159.516
290	чтоб	чтобы	SCONJ	_	Mood=Cnd	_	_	_	@es1944m-words#@es1944m#159.516#159.834
291	страшные	страшный	ADJ	_	Case=Nom|Degree=Pos|Number=Plur	_	_	_	@es1944m-words#@es1944m#159.834#160.152
292	ни..	ни..	PROPN	_	Animacy=Anim|Case=Ins|Gender=Fem|Number=Sing	_	_	_	@es1944m-words#@es1944m#160.152#160.47
293	/	/	PUNCT	_	_	_	_	_	@es1944m-words#@es1944m#160.47#160.788
294	сны	сон	NOUN	_	Animacy=Inan|Case=Nom|Gender=Masc|Number=Plur	_	_	_	@es1944m-words#@es1944m#160.788#161.106
295	не	не	PART	_	_	_	_	_	@es1944m-words#@es1944m#161.106#161.424
296	снились	сниться	VERB	_	Aspect=Imp|Mood=Ind|Number=Plur|Tense=Past|VerbForm=Fin|Voice=Mid	_	_	_	@es1944m-words#@es1944m#161.424#161.742
297	клади	клади	ADP	_	_	_	_	_	@es1944m-words#@es1944m#161.742#162.06
298	себе	себя	PRON	_	Case=Dat	_	_	_	@es1944m-words#@es1944m#162.06#162.378
299	нож	нож	NOUN	_	Animacy=Inan|Case=Acc|Gender=Masc|Number=Sing	_	_	_	@es1944m-words#@es1944m#162.378#162.696
300	под	под	ADP	_	_	_	_	_	@es1944m-words#@es1944m#162.696#163.014
301	подушку	подушка	NOUN	_	Animacy=Inan|Case=Acc|Gender=Fem|Number=Sing	_	_	_	@es1944m-words#@es1944m#163.014#163.332
302	/	/	PUNCT	_	_	_	_	_	@es1944m-words#@es1944m#163.332#163.65
303	я	я	PRON	_	Case=Nom|Number=Sing|Person=1	_	_	_	@es1944m-words#@es1944m#163.65#163.968
304	думаю	думать	VERB	_	Aspect=Imp|Mood=Ind|Number=Sing|Person=1|Tense=Pres|VerbForm=Fin|Voice=Act	_	_	_	@es1944m-words#@es1944m#163.968#164.286
305	это	это	PRON	_	Animacy=Inan|Case=Acc|Gender=Neut|Number=Sing	_	_	_	@es1944m-words#@es1944m#164.286#164.604
306	сейчас	сейчас	ADV	_	Degree=Pos	_	_	_	@es1944m-words#@es1944m#164.604#164.922
307	/	/	PUNCT	_	_	_	_	_	@es1944m-words#@es1944m#164.922#165.24
308	это	это	PRON	_	Animacy=Inan|Case=Nom|Gender=Neut|Number=Sing	_	_	_	@es1944m-words#@es1944m#165.24#165.558
309	что	что	SCONJ	_	_	_	_	_	@es1944m-words#@es1944m#165.558#165.876
310	за	за	ADP	_	_	_	_	_	@es1944m-words#@es1944m#165.876#166.206
311	ну	н	NOUN	_	Animacy=Inan|Case=Acc|Gender=Fem|Number=Sing	_	_	_	@es1944m-words#@es1944m#171.096#171.368
312	/	/	PUNCT	_	_	_	_	_	@es1944m-words#@es1944m#171.368#171.64
313	что	что	SCONJ	_	_	_	_	_	@es1944m-words#@es1944m#171.64#171.912
314	за	за	ADP	_	_	_	_	_	@es1944m-words#@es1944m#171.912#172.184
315	да	да	PART	_	_	_	_	_	@es1944m-words#@es1944m#172.184#172.456
316	/	/	PUNCT	_	_	_	_	_	@es1944m-words#@es1944m#172.456#172.728
317	странный	странный	VERB	_	Aspect=Perf|Case=Nom|Gender=Masc|Number=Sing|Tense=Past|VerbForm=Part|Voice=Pass	_	_	_	@es1944m-words#@es1944m#172.728#173.0
318	приём	приь	NOUN	_	Animacy=Inan|Case=Ins|Gender=Masc|Number=Sing	_	_	_	@es1944m-words#@es1944m#173.0#173.272
319	/	/	PUNCT	_	_	_	_	_	@es1944m-words#@es1944m#173.272#173.544
320	меня	я	PRON	_	Case=Acc|Number=Sing|Person=1	_	_	_	@es1944m-words#@es1944m#173.544#173.816
321	причём	причем	ADP	_	_	_	_	_	@es1944m-words#@es1944m#173.816#174.088
322	немного	немного	ADV	_	Degree=Pos	_	_	_	@es1944m-words#@es1944m#174.088#174.36
323	пугал	пугать	VERB	_	Aspect=Imp|Gender=Masc|Mood=Ind|Number=Sing|Tense=Past|VerbForm=Fin|Voice=Act	_	_	_	@es1944m-words#@es1944m#174.36#174.632
324	этот	этот	DET	_	Case=Acc|Gender=Masc|Number=Sing	_	_	_	@es1944m-words#@es1944m#174.632#174.904
325	нож	нож	NOUN	_	Animacy=Inan|Case=Acc|Gender=Masc|Number=Sing	_	_	_	@es1944m-words#@es1944m#174.904#175.176
326	на	на	ADP	_	_	_	_	_	@es1944m-words#@es1944m#175.176#175.448
327	самом-то	самом-той	DET	_	Case=Loc|Gender=Neut|Number=Sing	_	_	_	@es1944m-words#@es1944m#175.448#175.72
328	деле	дело	NOUN	_	Animacy=Inan|Case=Loc|Gender=Neut|Number=Sing	_	_	_	@es1944m-words#@es1944m#175.72#176.0
329	#смех#	#смех#	NOUN	_	Animacy=Inan|Case=Gen|Gender=Fem|Number=Sing	_	_	_	@es1944m-words#@es1944m#180.379#180.744
330	да	да	CCONJ	_	_	_	_	_	@es1944m-words#@es1944m#180.744#181.109
331	скорее	скорее	ADV	_	Degree=Pos	_	_	_	@es1944m-words#@es1944m#181.109#181.474
332	это	это	PRON	_	Animacy=Inan|Case=Nom|Gender=Neut|Number=Sing	_	_	_	@es1944m-words#@es1944m#181.474#181.839
333	для	для	ADP	_	_	_	_	_	@es1944m-words#@es1944m#181.839#182.204
334	само…	само…	PUNCT	_	_	_	_	_	@es1944m-words#@es1944m#182.204#182.569
335	/	/	PUNCT	_	_	_	_	_	@es1944m-words#@es1944m#182.569#182.934
336	не	не	PART	_	_	_	_	_	@es1944m-words#@es1944m#182.934#183.299
337	для	для	ADP	_	_	_	_	_	@es1944m-words#@es1944m#183.299#183.664
338	страшный	страшный	ADJ	_	Animacy=Inan|Case=Acc|Degree=Pos|Gender=Masc|Number=Sing	_	_	_	@es1944m-words#@es1944m#183.664#184.029
339	снов	сон	NOUN	_	Animacy=Inan|Case=Gen|Gender=Masc|Number=Plur	_	_	_	@es1944m-words#@es1944m#184.029#184.394
340	/	/	PUNCT	_	_	_	_	_	@es1944m-words#@es1944m#184.394#184.759
341	это	это	PRON	_	Animacy=Inan|Case=Nom|Gender=Neut|Number=Sing	_	_	_	@es1944m-words#@es1944m#184.759#185.124
342	от	от	ADP	_	_	_	_	_	@es1944m-words#@es1944m#185.124#185.489
343	страшной	страшный	ADJ	_	Case=Gen|Degree=Pos|Gender=Fem|Number=Sing	_	_	_	@es1944m-words#@es1944m#185.489#185.854
344	реальности	реальность	NOUN	_	Animacy=Inan|Case=Gen|Gender=Fem|Number=Sing	_	_	_	@es1944m-words#@es1944m#185.854#186.219
345	скорее	скорее	ADV	_	Degree=Pos	_	_	_	@es1944m-words#@es1944m#186.219#186.586
346	оо	оо	ADV	_	Degree=Pos	_	_	_	@es1944m-words#@es1944m#193.775#194.131
347	/	/	PUNCT	_	_	_	_	_	@es1944m-words#@es1944m#194.131#194.487
348	нифига	нифиг	NOUN	_	Animacy=Anim|Case=Acc|Gender=Masc|Number=Sing	_	_	_	@es1944m-words#@es1944m#194.487#194.843
349	себе	себя	PRON	_	Case=Dat	_	_	_	@es1944m-words#@es1944m#194.843#195.199
350	/	/	PUNCT	_	_	_	_	_	@es1944m-words#@es1944m#195.199#195.555
351	#смех#	#смех#	NOUN	_	Animacy=Inan|Case=Gen|Gender=Fem|Number=Sing	_	_	_	@es1944m-words#@es1944m#195.555#195.911
352	/	/	PUNCT	_	_	_	_	_	@es1944m-words#@es1944m#195.911#196.267
353	да	да	CCONJ	_	_	_	_	_	@es1944m-words#@es1944m#196.267#196.623
354	понятно	понятный	ADV	_	Degree=Pos	_	_	_	@es1944m-words#@es1944m#196.623#196.979
355	почему	почему	ADV	_	Degree=Pos	_	_	_	@es1944m-words#@es1944m#196.979#197.335
356	у	у	ADP	_	_	_	_	_	@es1944m-words#@es1944m#197.335#197.691
357	неё	она	PRON	_	Animacy=Inan|Case=Acc|Gender=Neut|Number=Sing	_	_	_	@es1944m-words#@es1944m#197.691#198.047
358	/	/	PUNCT	_	_	_	_	_	@es1944m-words#@es1944m#198.047#198.403
359	у	у	ADP	_	_	_	_	_	@es1944m-words#@es1944m#198.403#198.759
360	неё	она	PRON	_	Animacy=Inan|Case=Acc|Gender=Neut|Number=Sing	_	_	_	@es1944m-words#@es1944m#198.759#199.115
361	/	/	PUNCT	_	_	_	_	_	@es1944m-words#@es1944m#199.115#199.471
362	а	а	CCONJ	_	_	_	_	_	@es1944m-words#@es1944m#199.471#199.827
363	у	у	ADP	_	_	_	_	_	@es1944m-words#@es1944m#199.827#200.183
364	неё	она	PRON	_	Case=Gen|Gender=Fem|Number=Sing|Person=3	_	_	_	@es1944m-words#@es1944m#200.183#200.539
365	под	под	ADP	_	_	_	_	_	@es1944m-words#@es1944m#200.539#200.895
366	подушкой	подушка	NOUN	_	Animacy=Inan|Case=Ins|Gender=Fem|Number=Sing	_	_	_	@es1944m-words#@es1944m#200.895#201.251
367	пистолет	пистолет	NOUN	_	Animacy=Inan|Case=Acc|Gender=Masc|Number=Sing	_	_	_	@es1944m-words#@es1944m#201.251#201.607
368	как	как	SCONJ	_	_	_	_	_	@es1944m-words#@es1944m#201.607#201.963
369	раз	раз	NOUN	_	Animacy=Inan|Case=Acc|Gender=Masc|Number=Sing	_	_	_	@es1944m-words#@es1944m#201.963#202.319
370	был	быть	AUX	_	Aspect=Imp|Gender=Masc|Mood=Ind|Number=Sing|Tense=Past|VerbForm=Fin|Voice=Act	_	_	_	@es1944m-words#@es1944m#202.319#202.675
371	так	так	ADV	_	Degree=Pos	_	_	_	@es1944m-words#@es1944m#202.675#203.031
372	что	что	SCONJ	_	_	_	_	_	@es1944m-words#@es1944m#203.031#203.387
373	#смех#	#смех#	NOUN	_	Animacy=Inan|Case=Gen|Gender=Fem|Number=Sing	_	_	_	@es1944m-words#@es1944m#203.387#203.758
374	э	эра	X	_	Foreign=Yes	_	_	_	@es1944m-words#@es1944m#212.326#212.718
375	/	/	PUNCT	_	_	_	_	_	@es1944m-words#@es1944m#212.718#213.11
376	в	в	ADP	_	_	_	_	_	@es1944m-words#@es1944m#213.11#213.502
377	винздоре	винздор	NOUN	_	Animacy=Inan|Case=Loc|Gender=Masc|Number=Sing	_	_	_	@es1944m-words#@es1944m#213.502#213.894
378	вот	вот	PART	_	_	_	_	_	@es1944m-words#@es1944m#213.894#214.286
379	как	как	SCONJ	_	_	_	_	_	@es1944m-words#@es1944m#214.286#214.678
380	раз	раз	NOUN	_	Animacy=Inan|Case=Acc|Gender=Masc|Number=Sing	_	_	_	@es1944m-words#@es1944m#214.678#215.07
381	/	/	PUNCT	_	_	_	_	_	@es1944m-words#@es1944m#215.07#215.462
382	да	да	PART	_	_	_	_	_	@es1944m-words#@es1944m#215.462#215.854
383	/	/	PUNCT	_	_	_	_	_	@es1944m-words#@es1944m#215.854#216.246
384	передо	перед	ADP	_	_	_	_	_	@es1944m-words#@es1944m#216.246#216.638
385	мной	я	PRON	_	Case=Ins|Number=Sing|Person=1	_	_	_	@es1944m-words#@es1944m#216.638#217.03
386	выступа…	выступа…	PUNCT	_	_	_	_	_	@es1944m-words#@es1944m#217.03#217.422
387	передо	перед	ADP	_	_	_	_	_	@es1944m-words#@es1944m#217.422#217.814
388	мной	я	PRON	_	Case=Ins|Number=Sing|Person=1	_	_	_	@es1944m-words#@es1944m#217.814#218.206
389	малой	малый	NOUN	_	Animacy=Inan|Case=Ins|Gender=Fem|Number=Sing	_	_	_	@es1944m-words#@es1944m#218.206#218.598
390	выступал	выступать	VERB	_	Aspect=Imp|Gender=Masc|Mood=Ind|Number=Sing|Tense=Past|VerbForm=Fin|Voice=Act	_	_	_	@es1944m-words#@es1944m#218.598#218.99
391	/	/	PUNCT	_	_	_	_	_	@es1944m-words#@es1944m#218.99#219.382
392	и	и	CCONJ	_	_	_	_	_	@es1944m-words#@es1944m#219.382#219.774
393	во	во	ADP	_	_	_	_	_	@es1944m-words#@es1944m#219.774#220.166
394	время	время	NOUN	_	Animacy=Inan|Case=Acc|Gender=Neut|Number=Sing	_	_	_	@es1944m-words#@es1944m#220.166#220.558
395	него	он	PRON	_	Case=Acc|Gender=Masc|Number=Sing|Person=3	_	_	_	@es1944m-words#@es1944m#220.558#220.95
396	Марат	Марат	PROPN	_	Animacy=Anim|Case=Nom|Gender=Masc|Number=Sing	_	_	_	@es1944m-words#@es1944m#220.95#221.342
397	закусился	закуситься	VERB	_	Aspect=Perf|Gender=Masc|Mood=Ind|Number=Sing|Tense=Past|VerbForm=Fin|Voice=Mid	_	_	_	@es1944m-words#@es1944m#221.342#221.734
398	со	с	ADP	_	_	_	_	_	@es1944m-words#@es1944m#221.734#222.126
399	зрителем	зритель	NOUN	_	Animacy=Anim|Case=Ins|Gender=Masc|Number=Sing	_	_	_	@es1944m-words#@es1944m#222.126#222.518
400	каким-то	какой-то	DET	_	Case=Ins|Gender=Masc|Number=Sing	_	_	_	@es1944m-words#@es1944m#222.518#222.91
401	и	и	CCONJ	_	_	_	_	_	@es1944m-words#@es1944m#222.91#223.302
402	они	они	PRON	_	Case=Nom|Number=Plur|Person=3	_	_	_	@es1944m-words#@es1944m#223.302#223.694
403	вышли	выйти	VERB	_	Aspect=Perf|Mood=Ind|Number=Plur|Tense=Past|VerbForm=Fin|Voice=Act	_	_	_	@es1944m-words#@es1944m#223.694#224.086
404	/	/	PUNCT	_	_	_	_	_	@es1944m-words#@es1944m#224.086#224.478
405	пиздиться	пиздиться	VERB	_	Aspect=Imp|VerbForm=Inf|Voice=Pass	_	_	_	@es1944m-words#@es1944m#224.478#224.896
406	ну	ну	PART	_	_	_	_	_	@es1944m-words#@es1944m#232.137#232.416
407	и	и	CCONJ	_	_	_	_	_	@es1944m-words#@es1944m#232.416#232.695
408	вот	вот	PART	_	_	_	_	_	@es1944m-words#@es1944m#232.695#232.974
409	я	я	PRON	_	Case=Nom|Number=Sing|Person=1	_	_	_	@es1944m-words#@es1944m#232.974#233.253
410	вышел	выйти	VERB	_	Aspect=Perf|Gender=Masc|Mood=Ind|Number=Sing|Tense=Past|VerbForm=Fin|Voice=Act	_	_	_	@es1944m-words#@es1944m#233.253#233.532
411	еще	еще	ADV	_	Degree=Pos	_	_	_	@es1944m-words#@es1944m#233.532#233.811
412	из-за	из-за	ADP	_	_	_	_	_	@es1944m-words#@es1944m#233.811#234.09
413	этого	это	PRON	_	Animacy=Inan|Case=Gen|Gender=Neut|Number=Sing	_	_	_	@es1944m-words#@es1944m#234.09#234.369
414	[нрзб]	[нрзб]	PUNCT	_	_	_	_	_	@es1944m-words#@es1944m#234.369#234.648
415	но	но	CCONJ	_	_	_	_	_	@es1944m-words#@es1944m#234.648#234.927
416	я	я	PRON	_	Case=Nom|Number=Sing|Person=1	_	_	_	@es1944m-words#@es1944m#234.927#235.206
417	как	как	SCONJ	_	_	_	_	_	@es1944m-words#@es1944m#235.206#235.485
418	то	тот	SCONJ	_	_	_	_	_	@es1944m-words#@es1944m#235.485#235.764
419	такой	такой	DET	_	Case=Nom|Gender=Masc|Number=Sing	_	_	_	@es1944m-words#@es1944m#235.764#236.043
420	тип	тип	NOUN	_	Animacy=Inan|Case=Nom|Gender=Masc|Number=Sing	_	_	_	@es1944m-words#@es1944m#236.043#236.322
421	оо	оо	ADV	_	Degree=Pos	_	_	_	@es1944m-words#@es1944m#236.322#236.601
422	первое	первый	ADJ	_	Case=Acc|Degree=Pos|Gender=Neut|Number=Sing	_	_	_	@es1944m-words#@es1944m#236.601#236.88
423	выступление	выступление	NOUN	_	Animacy=Inan|Case=Acc|Gender=Neut|Number=Sing	_	_	_	@es1944m-words#@es1944m#236.88#237.159
424	и	и	CCONJ	_	_	_	_	_	@es1944m-words#@es1944m#237.159#237.438
425	я	я	PRON	_	Case=Nom|Number=Sing|Person=1	_	_	_	@es1944m-words#@es1944m#237.438#237.717
426	типа	тип	NOUN	_	Animacy=Inan|Case=Gen|Gender=Masc|Number=Sing	_	_	_	@es1944m-words#@es1944m#237.717#237.996
427	мало	мало	ADV	_	Degree=Pos	_	_	_	@es1944m-words#@es1944m#237.996#238.275
428	сыковал	сыковать	VERB	_	Aspect=Perf|Gender=Masc|Mood=Ind|Number=Sing|Tense=Past|VerbForm=Fin|Voice=Act	_	_	_	@es1944m-words#@es1944m#238.275#238.554
429	/	/	PUNCT	_	_	_	_	_	@es1944m-words#@es1944m#238.554#238.833
430	короче	коротко	ADV	_	Degree=Cmp	_	_	_	@es1944m-words#@es1944m#238.833#239.112
431	там	там	ADV	_	Degree=Pos	_	_	_	@es1944m-words#@es1944m#239.112#239.391
432	много	много	ADV	_	Degree=Pos	_	_	_	@es1944m-words#@es1944m#239.391#239.67
433	наверно	наверно	ADV	_	Degree=Pos	_	_	_	@es1944m-words#@es1944m#239.67#239.949
434	смеялись	смеяться	VERB	_	Aspect=Perf|Mood=Ind|Number=Plur|Tense=Past|VerbForm=Fin|Voice=Mid	_	_	_	@es1944m-words#@es1944m#239.949#240.228
435	из-за	из-за	ADP	_	_	_	_	_	@es1944m-words#@es1944m#240.228#240.507
436	того	то	PRON	_	Animacy=Inan|Case=Gen|Gender=Neut|Number=Sing	_	_	_	@es1944m-words#@es1944m#240.507#240.786
437	что	что	SCONJ	_	_	_	_	_	@es1944m-words#@es1944m#240.786#241.065
438	я	я	PRON	_	Case=Nom|Number=Sing|Person=1	_	_	_	@es1944m-words#@es1944m#241.065#241.344
439	очень	очень	ADV	_	Degree=Pos	_	_	_	@es1944m-words#@es1944m#241.344#241.623
440	неуверенно	неуверенно	ADV	_	Degree=Pos	_	_	_	@es1944m-words#@es1944m#241.623#241.902
441	выглядел	выглядеть	VERB	_	Aspect=Imp|Gender=Masc|Mood=Ind|Number=Sing|Tense=Past|VerbForm=Fin|Voice=Act	_	_	_	@es1944m-words#@es1944m#241.902#242.181
442	/	/	PUNCT	_	_	_	_	_	@es1944m-words#@es1944m#242.181#242.46
443	но	но	CCONJ	_	_	_	_	_	@es1944m-words#@es1944m#242.46#242.739
444	это	это	PRON	_	Animacy=Inan|Case=Nom|Gender=Neut|Number=Sing	_	_	_	@es1944m-words#@es1944m#242.739#243.018
445	мне	я	PRON	_	Case=Dat|Number=Sing|Person=1	_	_	_	@es1944m-words#@es1944m#243.018#243.297
446	дало	дать	VERB	_	Aspect=Imp|Gender=Neut|Mood=Ind|Number=Sing|Tense=Past|VerbForm=Fin|Voice=Act	_	_	_	@es1944m-words#@es1944m#243.297#243.576
447	такой	такой	DET	_	Case=Acc|Gender=Masc|Number=Sing	_	_	_	@es1944m-words#@es1944m#243.576#243.855
448	толчок	толчок	NOUN	_	Animacy=Inan|Case=Acc|Gender=Masc|Number=Sing	_	_	_	@es1944m-words#@es1944m#243.855#244.134
449	что	что	PRON	_	Case=Acc	_	_	_	@es1944m-words#@es1944m#244.134#244.413
450	/	/	PUNCT	_	_	_	_	_	@es1944m-words#@es1944m#244.413#244.692
451	вроде	вроде	ADV	_	Degree=Pos	_	_	_	@es1944m-words#@es1944m#244.692#244.971
452	/	/	PUNCT	_	_	_	_	_	@es1944m-words#@es1944m#244.971#245.25
453	я	я	PRON	_	Case=Nom|Number=Sing|Person=1	_	_	_	@es1944m-words#@es1944m#245.25#245.529
454	/	/	PUNCT	_	_	_	_	_	@es1944m-words#@es1944m#245.529#245.808
455	смешной	смешной	ADJ	_	Case=Ins|Degree=Pos|Gender=Fem|Number=Sing	_	_	_	@es1944m-words#@es1944m#245.808#246.087
456	/	/	PUNCT	_	_	_	_	_	@es1944m-words#@es1944m#246.087#246.366
457	чувак	чувак	ADV	_	Degree=Pos	_	_	_	@es1944m-words#@es1944m#246.366#246.645
458	/	/	PUNCT	_	_	_	_	_	@es1944m-words#@es1944m#246.645#246.924
459	короче	коротко	ADV	_	Degree=Cmp	_	_	_	@es1944m-words#@es1944m#246.924#247.203
460	/	/	PUNCT	_	_	_	_	_	@es1944m-words#@es1944m#247.203#247.482
461	позитивно	позитивно	ADV	_	Degree=Pos	_	_	_	@es1944m-words#@es1944m#247.482#247.793
462	да	да	PART	_	_	_	_	_	@es1944m-words#@es1944m#248.689#248.896
463	/	/	PUNCT	_	_	_	_	_	@es1944m-words#@es1944m#248.896#249.103
464	да	да	PART	_	_	_	_	_	@es1944m-words#@es1944m#249.103#249.31
465	о	о	ADP	_	_	_	_	_	@es1944m-words#@es1944m#259.275#259.702
466	приятно	приятный	ADJ	_	Degree=Pos|Gender=Neut|Number=Sing|Variant=Short	_	_	_	@es1944m-words#@es1944m#259.702#260.129
467	это	это	PRON	_	Animacy=Inan|Case=Nom|Gender=Neut|Number=Sing	_	_	_	@es1944m-words#@es1944m#260.129#260.556
468	воз…	воз…	PUNCT	_	_	_	_	_	@es1944m-words#@es1944m#260.556#260.983
469	видимо	видимо	ADV	_	Degree=Pos	_	_	_	@es1944m-words#@es1944m#260.983#261.41
470	ещё	еще	ADV	_	Degree=Pos	_	_	_	@es1944m-words#@es1944m#261.41#261.837
471	не	не	PART	_	_	_	_	_	@es1944m-words#@es1944m#261.837#262.264
472	разбитое	разбить	ADJ	_	Case=Nom|Degree=Pos|Gender=Neut|Number=Sing	_	_	_	@es1944m-words#@es1944m#262.264#262.691
473	сердце	сердце	NOUN	_	Animacy=Inan|Case=Nom|Gender=Neut|Number=Sing	_	_	_	@es1944m-words#@es1944m#262.691#263.118
474	#смех#	#смех#	NOUN	_	Animacy=Inan|Case=Gen|Gender=Fem|Number=Sing	_	_	_	@es1944m-words#@es1944m#263.118#263.551
475	аккуратнее	аккуратный	ADJ	_	Degree=Cmp	_	_	_	@es1944m-words#@es1944m#265.051#265.677
476	девочка	девочка	NOUN	_	Animacy=Anim|Case=Nom|Gender=Fem|Number=Sing	_	_	_	@es1944m-words#@es1944m#265.677#266.303
477	#смех#	#смех#	NOUN	_	Animacy=Inan|Case=Gen|Gender=Fem|Number=Sing	_	_	_	@es1944m-words#@es1944m#266.303#266.931
478	напряжённых	напряжённый	ADJ	_	Case=Gen|Degree=Pos|Number=Plur	_	_	_	@es1944m-words#@es1944m#270.808#271.2
479	отношения	отношение	NOUN	_	Animacy=Inan|Case=Gen|Gender=Neut|Number=Sing	_	_	_	@es1944m-words#@es1944m#271.2#271.592
480	нет	нет	VERB	_	Aspect=Imp|Mood=Ind|Number=Sing|Person=3|Tense=Pres|VerbForm=Fin|Voice=Act	_	_	_	@es1944m-words#@es1944m#271.592#271.984
481	я	я	PRON	_	Case=Nom|Number=Sing|Person=1	_	_	_	@es1944m-words#@es1944m#271.984#272.376
482	просто	просто	PART	_	_	_	_	_	@es1944m-words#@es1944m#272.376#272.768
483	в	в	ADP	_	_	_	_	_	@es1944m-words#@es1944m#272.768#273.16
484	целом	целое	NOUN	_	Animacy=Inan|Case=Loc|Gender=Neut|Number=Sing	_	_	_	@es1944m-words#@es1944m#273.16#273.552
485	/	/	PUNCT	_	_	_	_	_	@es1944m-words#@es1944m#273.552#273.944
486	э	эра	INTJ	_	_	_	_	_	@es1944m-words#@es1944m#273.944#274.336
487	/	/	PUNCT	_	_	_	_	_	@es1944m-words#@es1944m#274.336#274.728
488	так	так	ADV	_	Degree=Pos	_	_	_	@es1944m-words#@es1944m#274.728#275.12
489	/	/	PUNCT	_	_	_	_	_	@es1944m-words#@es1944m#275.12#275.512
490	как	как	SCONJ	_	_	_	_	_	@es1944m-words#@es1944m#275.512#275.904
491	будто	будто	PART	_	_	_	_	_	@es1944m-words#@es1944m#275.904#276.296
492	/	/	PUNCT	_	_	_	_	_	@es1944m-words#@es1944m#276.296#276.688
493	не	не	PART	_	_	_	_	_	@es1944m-words#@es1944m#276.688#277.08
494	особо	особо	ADV	_	Degree=Pos	_	_	_	@es1944m-words#@es1944m#277.08#277.472
495	социальный	социальный	ADJ	_	Case=Nom|Degree=Pos|Gender=Masc|Number=Sing	_	_	_	@es1944m-words#@es1944m#277.472#277.864
496	чувак	чувак	NOUN	_	Animacy=Inan|Case=Nom|Gender=Masc|Number=Sing	_	_	_	@es1944m-words#@es1944m#277.864#278.256
497	/	/	PUNCT	_	_	_	_	_	@es1944m-words#@es1944m#278.256#278.648
498	и	и	CCONJ	_	_	_	_	_	@es1944m-words#@es1944m#278.648#279.04
499	именно	именно	PART	_	_	_	_	_	@es1944m-words#@es1944m#279.04#279.432
500	как	как	SCONJ	_	_	_	_	_	@es1944m-words#@es1944m#279.432#279.824
501	со	с	ADP	_	_	_	_	_	@es1944m-words#@es1944m#279.824#280.216
502	всеми	весь	DET	_	Case=Ins|Number=Plur	_	_	_	@es1944m-words#@es1944m#280.216#280.608
503	людьми	человек	NOUN	_	Animacy=Anim|Case=Ins|Gender=Masc|Number=Plur	_	_	_	@es1944m-words#@es1944m#280.608#281.0
504	у	у	ADP	_	_	_	_	_	@es1944m-words#@es1944m#281.0#281.392
505	меня	я	PRON	_	Case=Gen|Number=Sing|Person=1	_	_	_	@es1944m-words#@es1944m#281.392#281.784
506	бывает	бывать	VERB	_	Aspect=Imp|Mood=Ind|Number=Sing|Person=3|Tense=Pres|VerbForm=Fin|Voice=Act	_	_	_	@es1944m-words#@es1944m#281.784#282.176
507	что	что	PRON	_	Case=Nom	_	_	_	@es1944m-words#@es1944m#282.176#282.568
508	просто	просто	PART	_	_	_	_	_	@es1944m-words#@es1944m#282.568#282.96
509	тяжело	тяжелый	ADJ	_	Degree=Pos|Gender=Neut|Number=Sing|Variant=Short	_	_	_	@es1944m-words#@es1944m#282.96#283.352
510	/	/	PUNCT	_	_	_	_	_	@es1944m-words#@es1944m#283.352#283.744
511	а	а	CCONJ	_	_	_	_	_	@es1944m-words#@es1944m#283.744#284.136
512	/	/	PUNCT	_	_	_	_	_	@es1944m-words#@es1944m#284.136#284.528
513	общаться	общаться	VERB	_	Aspect=Imp|VerbForm=Inf|Voice=Mid	_	_	_	@es1944m-words#@es1944m#284.528#284.92
514	/	/	PUNCT	_	_	_	_	_	@es1944m-words#@es1944m#284.92#285.312
515	э	эра	INTJ	_	_	_	_	_	@es1944m-words#@es1944m#285.312#285.704
516	/	/	PUNCT	_	_	_	_	_	@es1944m-words#@es1944m#285.704#286.096
517	но	но	CCONJ	_	_	_	_	_	@es1944m-words#@es1944m#286.096#286.488
518	каких	какой	DET	_	Case=Gen|Number=Plur	_	_	_	@es1944m-words#@es1944m#286.488#286.88
519	то	то	SCONJ	_	_	_	_	_	@es1944m-words#@es1944m#286.88#287.275
520	я	я	PRON	_	Case=Nom|Number=Sing|Person=1	_	_	_	@es1944m-words#@es1944m#292.896#293.099
521	не	не	PART	_	_	_	_	_	@es1944m-words#@es1944m#293.099#293.302
522	знаю	знать	VERB	_	Aspect=Imp|Mood=Ind|Number=Sing|Person=1|Tense=Pres|VerbForm=Fin|Voice=Act	_	_	_	@es1944m-words#@es1944m#293.302#293.505
523	/	/	PUNCT	_	_	_	_	_	@es1944m-words#@es1944m#293.505#293.708
524	я	я	PRON	_	Case=Nom|Number=Sing|Person=1	_	_	_	@es1944m-words#@es1944m#293.708#293.911
525	вообще	вообще	ADV	_	Degree=Pos	_	_	_	@es1944m-words#@es1944m#293.911#294.114
526	не..	не..	PROPN	_	Animacy=Anim|Case=Dat|Gender=Fem|Number=Sing	_	_	_	@es1944m-words#@es1944m#294.114#294.317
527	не	не	PART	_	_	_	_	_	@es1944m-words#@es1944m#294.317#294.52
528	пойму	пойму	NOUN	_	Animacy=Inan|Case=Acc|Gender=Fem|Number=Sing	_	_	_	@es1944m-words#@es1944m#294.52#294.724
529	оо	оо	ADV	_	Degree=Pos	_	_	_	@es1944m-words#@es1944m#297.0#297.497
530	/	/	PUNCT	_	_	_	_	_	@es1944m-words#@es1944m#297.497#297.994
531	[нрзб]	[нрзб]	PUNCT	_	_	_	_	_	@es1944m-words#@es1944m#297.994#298.491
532	как	как	SCONJ	_	_	_	_	_	@es1944m-words#@es1944m#316.172#316.379
533	у	у	ADP	_	_	_	_	_	@es1944m-words#@es1944m#316.379#316.586
534	буратино	буратино	NOUN	_	Animacy=Inan|Case=Gen|Gender=Neut|Number=Sing	_	_	_	@es1944m-words#@es1944m#316.586#316.793
535	да	да	CCONJ	_	_	_	_	_	@es1944m-words#@es1944m#321.482#321.769
536	/	/	PUNCT	_	_	_	_	_	@es1944m-words#@es1944m#321.769#322.056
537	да	да	PART	_	_	_	_	_	@es1944m-words#@es1944m#322.056#322.344
538	о	о	ADP	_	_	_	_	_	@es1944m-words#@es1944m#328.793#329.034
539	/	/	PUNCT	_	_	_	_	_	@es1944m-words#@es1944m#329.034#329.275
540	у	у	ADP	_	_	_	_	_	@es1944m-words#@es1944m#329.275#329.516
541	тебя	ты	PRON	_	Case=Gen|Number=Sing|Person=2	_	_	_	@es1944m-words#@es1944m#329.516#329.757
542	же	же	PART	_	_	_	_	_	@es1944m-words#@es1944m#329.757#329.998
543	была	быть	AUX	_	Aspect=Imp|Gender=Fem|Mood=Ind|Number=Sing|Tense=Past|VerbForm=Fin|Voice=Act	_	_	_	@es1944m-words#@es1944m#329.998#330.239
544	/	/	PUNCT	_	_	_	_	_	@es1944m-words#@es1944m#330.239#330.48
545	какая-то	какой-то	DET	_	Case=Nom|Gender=Fem|Number=Sing	_	_	_	@es1944m-words#@es1944m#330.48#330.721
546	фотка	фотка	NOUN	_	Animacy=Inan|Case=Nom|Gender=Fem|Number=Sing	_	_	_	@es1944m-words#@es1944m#330.721#330.962
547	есть	быть	VERB	_	Aspect=Imp|Mood=Ind|Number=Sing|Person=3|Tense=Pres|VerbForm=Fin|Voice=Act	_	_	_	@es1944m-words#@es1944m#330.962#331.203
548	где	где	ADV	_	Degree=Pos	_	_	_	@es1944m-words#@es1944m#331.203#331.444
549	ты	ты	PRON	_	Case=Nom|Number=Sing|Person=2	_	_	_	@es1944m-words#@es1944m#331.444#331.685
550	/	/	PUNCT	_	_	_	_	_	@es1944m-words#@es1944m#331.685#331.926
551	где	где	ADV	_	Degree=Pos	_	_	_	@es1944m-words#@es1944m#331.926#332.167
552	у	у	ADP	_	_	_	_	_	@es1944m-words#@es1944m#332.167#332.408
553	тебя	ты	PRON	_	Case=Gen|Number=Sing|Person=2	_	_	_	@es1944m-words#@es1944m#332.408#332.649
554	довольно	довольно	ADV	_	Degree=Pos	_	_	_	@es1944m-words#@es1944m#332.649#332.89
555	длинные	длинный	ADJ	_	Case=Nom|Degree=Pos|Number=Plur	_	_	_	@es1944m-words#@es1944m#332.89#333.131
556	как	как	ADV	_	Degree=Pos	_	_	_	@es1944m-words#@es1944m#333.131#333.372
557	будто	будто	PART	_	_	_	_	_	@es1944m-words#@es1944m#333.372#333.613
558	волосы	волос	NOUN	_	Animacy=Inan|Case=Nom|Gender=Masc|Number=Plur	_	_	_	@es1944m-words#@es1944m#333.613#333.862
559	ну	ну	PART	_	_	_	_	_	@es1944m-words#@es1944m#336.689#336.976
560	ты	ты	PRON	_	Case=Nom|Number=Sing|Person=2	_	_	_	@es1944m-words#@es1944m#336.976#337.263
561	как	как	SCONJ	_	_	_	_	_	@es1944m-words#@es1944m#337.263#337.55
562	эмо	эмо	ADV	_	Degree=Pos	_	_	_	@es1944m-words#@es1944m#337.55#337.837
563	выглядел	выглядеть	VERB	_	Aspect=Imp|Gender=Masc|Mood=Ind|Number=Sing|Tense=Past|VerbForm=Fin|Voice=Act	_	_	_	@es1944m-words#@es1944m#337.837#338.124
564	тогда	тогда	ADV	_	Degree=Pos	_	_	_	@es1944m-words#@es1944m#338.124#338.413
565	ну	ну	PART	_	_	_	_	_	@es1944m-words#@es1944m#339.977#340.353
566	Вове	Вов	PROPN	_	Animacy=Anim|Case=Loc|Gender=Masc|Number=Sing	_	_	_	@es1944m-words#@es1944m#340.353#340.729
567	кстати	кстати	ADV	_	Degree=Pos	_	_	_	@es1944m-words#@es1944m#340.729#341.105
568	можно	можно	ADV	_	Degree=Pos	_	_	_	@es1944m-words#@es1944m#341.105#341.481
569	доверять	доверять	VERB	_	Aspect=Imp|VerbForm=Inf|Voice=Act	_	_	_	@es1944m-words#@es1944m#341.481#341.857
570	он	он	PRON	_	Case=Nom|Gender=Masc|Number=Sing|Person=3	_	_	_	@es1944m-words#@es1944m#341.857#342.233
571	номер	номер	NOUN	_	Animacy=Inan|Case=Acc|Gender=Masc|Number=Sing	_	_	_	@es1944m-words#@es1944m#342.233#342.609
572	два	два	NUM	_	Animacy=Inan|Case=Acc|Gender=Masc	_	_	_	@es1944m-words#@es1944m#342.609#342.985
573	по	по	ADP	_	_	_	_	_	@es1944m-words#@es1944m#342.985#343.361
574	разбиванию	разбивание	NOUN	_	Animacy=Inan|Case=Dat|Gender=Neut|Number=Sing	_	_	_	@es1944m-words#@es1944m#343.361#343.737
575	сердец	сердец	NOUN	_	Animacy=Inan|Case=Gen|Gender=Neut|Number=Plur	_	_	_	@es1944m-words#@es1944m#343.737#344.113
576	в	в	ADP	_	_	_	_	_	@es1944m-words#@es1944m#344.113#344.489
577	стенд	стенд	NOUN	_	Animacy=Inan|Case=Acc|Gender=Masc|Number=Sing	_	_	_	@es1944m-words#@es1944m#344.489#344.865
578	ап	ап	NOUN	_	Animacy=Inan|Case=Acc|Gender=Masc|Number=Sing	_	_	_	@es1944m-words#@es1944m#344.865#345.241
579	клубе	клуб	NOUN	_	Animacy=Inan|Case=Dat|Gender=Fem|Number=Sing	_	_	_	@es1944m-words#@es1944m#345.241#345.617
580	#смех#	#смех#	NOUN	_	Animacy=Inan|Case=Gen|Gender=Fem|Number=Sing	_	_	_	@es1944m-words#@es1944m#345.617#346.0
581	ээ	ээ	X	_	Foreign=Yes	_	_	_	@vb1988m-words#@vb1988m#0.006#0.511
582	/	/	PUNCT	_	_	_	_	_	@vb1988m-words#@vb1988m#0.511#1.016
583	так	так	ADV	_	Degree=Pos	_	_	_	@vb1988m-words#@vb1988m#1.016#1.521
584	вернёмся	вернёться	VERB	_	Aspect=Perf|Mood=Ind|Number=Plur|Person=1|Tense=Fut|VerbForm=Fin|Voice=Mid	_	_	_	@vb1988m-words#@vb1988m#1.521#2.026
585	к	к	ADP	_	_	_	_	_	@vb1988m-words#@vb1988m#2.026#2.531
586	вопросу	вопрос	NOUN	_	Animacy=Inan|Case=Dat|Gender=Masc|Number=Sing	_	_	_	@vb1988m-words#@vb1988m#2.531#3.036
587	/	/	PUNCT	_	_	_	_	_	@vb1988m-words#@vb1988m#3.036#3.541
588	эм	э	NOUN	_	Animacy=Inan|Case=Nom|Gender=Masc|Number=Sing	_	_	_	@vb1988m-words#@vb1988m#3.541#4.046
589	/	/	PUNCT	_	_	_	_	_	@vb1988m-words#@vb1988m#4.046#4.551
590	Женёк	Женёк	PROPN	_	Animacy=Inan|Case=Nom|Gender=Masc|Number=Sing	_	_	_	@vb1988m-words#@vb1988m#4.551#5.056
591	/	/	PUNCT	_	_	_	_	_	@vb1988m-words#@vb1988m#5.056#5.561
592	разбивал	разбивать	VERB	_	Aspect=Imp|Gender=Masc|Mood=Ind|Number=Sing|Tense=Past|VerbForm=Fin|Voice=Act	_	_	_	@vb1988m-words#@vb1988m#5.561#6.066
593	ли	ли	PART	_	_	_	_	_	@vb1988m-words#@vb1988m#6.066#6.571
594	ты	ты	PRON	_	Case=Nom|Number=Sing|Person=2	_	_	_	@vb1988m-words#@vb1988m#6.571#7.076
595	кому-то	кто-то	PRON	_	Case=Dat	_	_	_	@vb1988m-words#@vb1988m#7.076#7.581
596	сердце	сердце	NOUN	_	Animacy=Inan|Case=Acc|Gender=Neut|Number=Sing	_	_	_	@vb1988m-words#@vb1988m#7.581#8.094
597	ну	ну	PART	_	_	_	_	_	@vb1988m-words#@vb1988m#26.517#27.238
598	реально	реально	ADV	_	Degree=Pos	_	_	_	@vb1988m-words#@vb1988m#27.238#27.959
599	почему	почему	ADV	_	Degree=Pos	_	_	_	@vb1988m-words#@vb1988m#30.683#30.899
600	ты	ты	PRON	_	Case=Nom|Number=Sing|Person=2	_	_	_	@vb1988m-words#@vb1988m#30.899#31.115
601	разбил	разбить	VERB	_	Aspect=Perf|Gender=Masc|Mood=Ind|Number=Sing|Tense=Past|VerbForm=Fin|Voice=Act	_	_	_	@vb1988m-words#@vb1988m#31.115#31.331
602	сердце	сердце	NOUN	_	Animacy=Inan|Case=Acc|Gender=Neut|Number=Sing	_	_	_	@vb1988m-words#@vb1988m#31.331#31.547
603	/	/	PUNCT	_	_	_	_	_	@vb1988m-words#@vb1988m#31.547#31.763
604	возможно	возможный	ADJ	_	Degree=Pos|Gender=Neut|Number=Sing|Variant=Short	_	_	_	@vb1988m-words#@vb1988m#31.763#31.979
605	это	это	PRON	_	Animacy=Inan|Case=Nom|Gender=Neut|Number=Sing	_	_	_	@vb1988m-words#@vb1988m#31.979#32.195
606	она	она	PRON	_	Case=Nom|Gender=Fem|Number=Sing|Person=3	_	_	_	@vb1988m-words#@vb1988m#32.195#32.411
607	пишет	писать	VERB	_	Aspect=Imp|Mood=Ind|Number=Sing|Person=3|Tense=Pres|VerbForm=Fin|Voice=Act	_	_	_	@vb1988m-words#@vb1988m#32.411#32.627
608	она	она	PRON	_	Case=Nom|Gender=Fem|Number=Sing|Person=3	_	_	_	@vb1988m-words#@vb1988m#32.627#32.843
609	не	не	PART	_	_	_	_	_	@vb1988m-words#@vb1988m#32.843#33.059
610	знает	знать	VERB	_	Aspect=Imp|Mood=Ind|Number=Sing|Person=3|Tense=Pres|VerbForm=Fin|Voice=Act	_	_	_	@vb1988m-words#@vb1988m#33.059#33.275
611	почему	почему	ADV	_	Degree=Pos	_	_	_	@vb1988m-words#@vb1988m#33.275#33.491
612	ты	ты	PRON	_	Case=Nom|Number=Sing|Person=2	_	_	_	@vb1988m-words#@vb1988m#33.491#33.707
613	ей	она	PRON	_	Case=Dat|Gender=Fem|Number=Sing|Person=3	_	_	_	@vb1988m-words#@vb1988m#33.707#33.923
614	разбил	разбить	VERB	_	Aspect=Perf|Gender=Masc|Mood=Ind|Number=Sing|Tense=Past|VerbForm=Fin|Voice=Act	_	_	_	@vb1988m-words#@vb1988m#33.923#34.139
615	сердце	сердце	NOUN	_	Animacy=Inan|Case=Acc|Gender=Neut|Number=Sing	_	_	_	@vb1988m-words#@vb1988m#34.139#34.355
616	/	/	PUNCT	_	_	_	_	_	@vb1988m-words#@vb1988m#34.355#34.571
617	почему	почему	ADV	_	Degree=Pos	_	_	_	@vb1988m-words#@vb1988m#34.571#34.787
618	ты	ты	PRON	_	Case=Nom|Number=Sing|Person=2	_	_	_	@vb1988m-words#@vb1988m#34.787#35.003
619	ушёл	уйти	VERB	_	Aspect=Perf|Gender=Masc|Mood=Ind|Number=Sing|Tense=Past|VerbForm=Fin|Voice=Act	_	_	_	@vb1988m-words#@vb1988m#35.003#35.219
620	/	/	PUNCT	_	_	_	_	_	@vb1988m-words#@vb1988m#35.219#35.435
621	Женёк	Женёк	NOUN	_	Animacy=Anim|Case=Nom|Gender=Masc|Number=Sing	_	_	_	@vb1988m-words#@vb1988m#35.435#35.653
622	#смех#	#смех#	NOUN	_	Animacy=Inan|Case=Gen|Gender=Fem|Number=Sing	_	_	_	@vb1988m-words#@vb1988m#50.192#50.71
623	свободный	свободный	ADJ	_	Case=Nom|Degree=Pos|Gender=Masc|Number=Sing	_	_	_	@vb1988m-words#@vb1988m#50.71#51.228
624	удмурт	удмурт	NOUN	_	Animacy=Inan|Case=Nom|Gender=Masc|Number=Sing	_	_	_	@vb1988m-words#@vb1988m#51.228#51.746
625	/	/	PUNCT	_	_	_	_	_	@vb1988m-words#@vb1988m#51.746#52.264
626	э	эра	INTJ	_	_	_	_	_	@vb1988m-words#@vb1988m#52.264#52.782
627	[нрзб]	[нрзб]	PUNCT	_	_	_	_	_	@vb1988m-words#@vb1988m#52.782#53.3
628	капсом	капс	NOUN	_	Animacy=Inan|Case=Ins|Gender=Masc|Number=Sing	_	_	_	@vb1988m-words#@vb1988m#53.3#53.818
629	написано	писать	VERB	_	Aspect=Perf|Gender=Neut|Number=Sing|Tense=Past|Variant=Short|VerbForm=Part|Voice=Pass	_	_	_	@vb1988m-words#@vb1988m#53.818#54.336
630	/	/	PUNCT	_	_	_	_	_	@vb1988m-words#@vb1988m#54.336#54.854
631	занимаюсь	заниматься	VERB	_	Aspect=Imp|Mood=Ind|Number=Sing|Person=1|Tense=Pres|VerbForm=Fin|Voice=Mid	_	_	_	@vb1988m-words#@vb1988m#54.854#55.372
632	стенд	стенд	NOUN	_	Animacy=Inan|Case=Acc|Gender=Masc|Number=Sing	_	_	_	@vb1988m-words#@vb1988m#55.372#55.89
633	апом	ап	NOUN	_	Animacy=Inan|Case=Ins|Gender=Masc|Number=Sing	_	_	_	@vb1988m-words#@vb1988m#55.89#56.408
634	в	в	ADP	_	_	_	_	_	@vb1988m-words#@vb1988m#56.408#56.926
635	Таджикистане	Таджикистан	PROPN	_	Animacy=Inan|Case=Loc|Gender=Masc|Number=Sing	_	_	_	@vb1988m-words#@vb1988m#56.926#57.444
636	/	/	PUNCT	_	_	_	_	_	@vb1988m-words#@vb1988m#57.444#57.962
637	чуваки	чувак	NOUN	_	Animacy=Anim|Case=Nom|Gender=Masc|Number=Plur	_	_	_	@vb1988m-words#@vb1988m#57.962#58.48
638	/	/	PUNCT	_	_	_	_	_	@vb1988m-words#@vb1988m#58.48#58.998
639	дайте	дать	VERB	_	Aspect=Perf|Mood=Imp|Number=Plur|Person=2|VerbForm=Fin|Voice=Act	_	_	_	@vb1988m-words#@vb1988m#58.998#59.516
640	советов	совет	NOUN	_	Animacy=Inan|Case=Gen|Gender=Masc|Number=Plur	_	_	_	@vb1988m-words#@vb1988m#59.516#60.034
641	/	/	PUNCT	_	_	_	_	_	@vb1988m-words#@vb1988m#60.034#60.552
642	Женёк	Женёк	PROPN	_	Animacy=Inan|Case=Nom|Gender=Masc|Number=Sing	_	_	_	@vb1988m-words#@vb1988m#60.552#61.076
643	дашь	дать	VERB	_	Aspect=Imp|Mood=Ind|Number=Sing|Person=2|Tense=Pres|VerbForm=Fin|Voice=Act	_	_	_	@vb1988m-words#@vb1988m#62.384#62.711
644	совет	совет	NOUN	_	Animacy=Inan|Case=Acc|Gender=Masc|Number=Sing	_	_	_	@vb1988m-words#@vb1988m#62.711#63.038
645	ээ	ээ	X	_	Foreign=Yes	_	_	_	@vb1988m-words#@vb1988m#70.705#71.036
646	/	/	PUNCT	_	_	_	_	_	@vb1988m-words#@vb1988m#71.036#71.367
647	Женёк	Женёк	PROPN	_	Animacy=Inan|Case=Nom|Gender=Masc|Number=Sing	_	_	_	@vb1988m-words#@vb1988m#71.367#71.698
648	/	/	PUNCT	_	_	_	_	_	@vb1988m-words#@vb1988m#71.698#72.029
649	н…	н…	PUNCT	_	_	_	_	_	@vb1988m-words#@vb1988m#72.029#72.36
650	начал	начать	VERB	_	Aspect=Perf|Gender=Masc|Mood=Ind|Number=Sing|Tense=Past|VerbForm=Fin|Voice=Act	_	_	_	@vb1988m-words#@vb1988m#72.36#72.691
651	ли	ли	PART	_	_	_	_	_	@vb1988m-words#@vb1988m#72.691#73.022
652	ты	ты	PRON	_	Case=Nom|Number=Sing|Person=2	_	_	_	@vb1988m-words#@vb1988m#73.022#73.353
653	делать	делать	VERB	_	Aspect=Imp|VerbForm=Inf|Voice=Act	_	_	_	@vb1988m-words#@vb1988m#73.353#73.684
654	что-то	что-то	PRON	_	Case=Acc	_	_	_	@vb1988m-words#@vb1988m#73.684#74.015
655	с	с	ADP	_	_	_	_	_	@vb1988m-words#@vb1988m#74.015#74.346
656	лунатизмом	лунатизм	NOUN	_	Animacy=Inan|Case=Ins|Gender=Masc|Number=Sing	_	_	_	@vb1988m-words#@vb1988m#74.346#74.679
657	ааа	аа	NOUN	_	Animacy=Inan|Case=Gen|Gender=Masc|Number=Sing	_	_	_	@vb1988m-words#@vb1988m#78.785#79.002
658	/	/	PUNCT	_	_	_	_	_	@vb1988m-words#@vb1988m#79.002#79.219
659	ты	ты	PRON	_	Case=Nom|Number=Sing|Person=2	_	_	_	@vb1988m-words#@vb1988m#79.219#79.436
660	про	про	ADP	_	_	_	_	_	@vb1988m-words#@vb1988m#79.436#79.653
661	лунатизм	лунатизм	NOUN	_	Animacy=Inan|Case=Acc|Gender=Masc|Number=Sing	_	_	_	@vb1988m-words#@vb1988m#79.653#79.87
662	чё-то	чё-то	ADV	_	Degree=Pos	_	_	_	@vb1988m-words#@vb1988m#79.87#80.087
663	там	там	ADV	_	Degree=Pos	_	_	_	@vb1988m-words#@vb1988m#80.087#80.304
664	#одновременно#	#одновременно#	NOUN	_	Animacy=Inan|Case=Gen|Gender=Fem|Number=Sing	_	_	_	@vb1988m-words#@vb1988m#80.304#80.525
665	ты	ты	PRON	_	Case=Nom|Number=Sing|Person=2	_	_	_	@vb1988m-words#@vb1988m#85.705#86.102
666	реально	реально	ADV	_	Degree=Pos	_	_	_	@vb1988m-words#@vb1988m#86.102#86.499
667	лунатишь	лунатишь	VERB	_	Aspect=Imp|Mood=Ind|Number=Sing|Person=2|Tense=Pres|VerbForm=Fin|Voice=Act	_	_	_	@vb1988m-words#@vb1988m#86.499#86.897
668	да	да	PART	_	_	_	_	_	@vb1988m-words#@vb1988m#89.384#89.627
669	я	я	PRON	_	Case=Nom|Number=Sing|Person=1	_	_	_	@vb1988m-words#@vb1988m#89.627#89.87
670	понял	понять	VERB	_	Aspect=Perf|Gender=Masc|Mood=Ind|Number=Sing|Tense=Past|VerbForm=Fin|Voice=Act	_	_	_	@vb1988m-words#@vb1988m#89.87#90.113
671	чтоб	чтобы	SCONJ	_	Mood=Cnd	_	_	_	@vb1988m-words#@vb1988m#90.113#90.356
672	там	там	ADV	_	Degree=Pos	_	_	_	@vb1988m-words#@vb1988m#90.356#90.599
673	не	не	PART	_	_	_	_	_	@vb1988m-words#@vb1988m#90.599#90.842
674	повторяться	повторяться	VERB	_	Aspect=Imp|VerbForm=Inf|Voice=Mid	_	_	_	@vb1988m-words#@vb1988m#90.842#91.089
675	а	а	CCONJ	_	_	_	_	_	@vb1988m-words#@vb1988m#134.511#134.825
676	что	что	PRON	_	Case=Acc	_	_	_	@vb1988m-words#@vb1988m#134.825#135.139
677	бы	бы	AUX	_	_	_	_	_	@vb1988m-words#@vb1988m#135.139#135.453
678	ты	ты	PRON	_	Case=Nom|Number=Sing|Person=2	_	_	_	@vb1988m-words#@vb1988m#135.453#135.767
679	сделал	делать	VERB	_	Aspect=Perf|Gender=Masc|Mood=Ind|Number=Sing|Tense=Past|VerbForm=Fin|Voice=Act	_	_	_	@vb1988m-words#@vb1988m#135.767#136.081
680	дьяволу	дьявол	NOUN	_	Animacy=Inan|Case=Acc|Gender=Fem|Number=Sing	_	_	_	@vb1988m-words#@vb1988m#136.081#136.4
681	#смех#	#смех#	NOUN	_	Animacy=Inan|Case=Gen|Gender=Fem|Number=Sing	_	_	_	@vb1988m-words#@vb1988m#144.889#145.254
682	/	/	PUNCT	_	_	_	_	_	@vb1988m-words#@vb1988m#145.254#145.619
683	ну	ну	PART	_	_	_	_	_	@vb1988m-words#@vb1988m#145.619#145.984
684	да	да	PART	_	_	_	_	_	@vb1988m-words#@vb1988m#145.984#146.349
685	лунатизм	лунатизм	NOUN	_	Animacy=Inan|Case=Nom|Gender=Masc|Number=Sing	_	_	_	@vb1988m-words#@vb1988m#146.349#146.714
686	не	не	PART	_	_	_	_	_	@vb1988m-words#@vb1988m#146.714#147.079
687	очень	очень	ADV	_	Degree=Pos	_	_	_	@vb1988m-words#@vb1988m#147.079#147.444
688	/	/	PUNCT	_	_	_	_	_	@vb1988m-words#@vb1988m#147.444#147.809
689	так	так	ADV	_	Degree=Pos	_	_	_	@vb1988m-words#@vb1988m#147.809#148.174
690	/	/	PUNCT	_	_	_	_	_	@vb1988m-words#@vb1988m#148.174#148.539
691	аккуратней	аккуратно	ADV	_	Degree=Cmp	_	_	_	@vb1988m-words#@vb1988m#148.539#148.911
692	что	что	SCONJ	_	_	_	_	_	@vb1988m-words#@vb1988m#165.676#166.125
693	/	/	PUNCT	_	_	_	_	_	@vb1988m-words#@vb1988m#166.125#166.574
694	не	не	PART	_	_	_	_	_	@vb1988m-words#@vb1988m#166.574#167.023
695	конфетку	конфетка	NOUN	_	Animacy=Inan|Case=Acc|Gender=Fem|Number=Sing	_	_	_	@vb1988m-words#@vb1988m#167.023#167.472
696	/	/	PUNCT	_	_	_	_	_	@vb1988m-words#@vb1988m#167.472#167.921
697	какие	какой	DET	_	Case=Nom|Number=Plur	_	_	_	@vb1988m-words#@vb1988m#167.921#168.37
698	у	у	ADP	_	_	_	_	_	@vb1988m-words#@vb1988m#168.37#168.819
699	вас	вы	PRON	_	Case=Gen|Number=Plur|Person=2	_	_	_	@vb1988m-words#@vb1988m#168.819#169.268
700	суровые	суровый	ADJ	_	Animacy=Inan|Case=Acc|Degree=Pos|Number=Plur	_	_	_	@vb1988m-words#@vb1988m#169.268#169.717
701	удмуртские	удмуртский	ADJ	_	Animacy=Inan|Case=Acc|Degree=Pos|Number=Plur	_	_	_	@vb1988m-words#@vb1988m#169.717#170.166
702	традиции	традиция	NOUN	_	Animacy=Inan|Case=Acc|Gender=Fem|Number=Plur	_	_	_	@vb1988m-words#@vb1988m#170.166#170.62
703	блин	блин	NOUN	_	Animacy=Inan|Case=Gen|Gender=Fem|Number=Plur	_	_	_	@vb1988m-words#@vb1988m#176.543#176.811
704	ну	ну	PART	_	_	_	_	_	@vb1988m-words#@vb1988m#176.811#177.079
705	/	/	PUNCT	_	_	_	_	_	@vb1988m-words#@vb1988m#177.079#177.347
706	мм	миллиметр	NOUN	_	Animacy=Inan|Case=Acc|Gender=Fem|Number=Sing	_	_	_	@vb1988m-words#@vb1988m#177.347#177.615
707	/	/	PUNCT	_	_	_	_	_	@vb1988m-words#@vb1988m#177.615#177.883
708	девяностые	девяностый	ADJ	_	Case=Nom|Degree=Pos|Number=Plur	_	_	_	@vb1988m-words#@vb1988m#177.883#178.151
709	наверно	наверно	ADV	_	Degree=Pos	_	_	_	@vb1988m-words#@vb1988m#178.151#178.419
710	в	в	ADP	_	_	_	_	_	@vb1988m-words#@vb1988m#178.419#178.687
711	целом	целое	NOUN	_	Animacy=Inan|Case=Loc|Gender=Neut|Number=Sing	_	_	_	@vb1988m-words#@vb1988m#178.687#178.955
712	/	/	PUNCT	_	_	_	_	_	@vb1988m-words#@vb1988m#178.955#179.223
713	у	у	ADP	_	_	_	_	_	@vb1988m-words#@vb1988m#179.223#179.491
714	каждого	каждый	DET	_	Case=Gen|Gender=Masc|Number=Sing	_	_	_	@vb1988m-words#@vb1988m#179.491#179.759
715	под	под	ADP	_	_	_	_	_	@vb1988m-words#@vb1988m#179.759#180.027
716	подушкой	подушка	NOUN	_	Animacy=Inan|Case=Ins|Gender=Fem|Number=Sing	_	_	_	@vb1988m-words#@vb1988m#180.027#180.295
717	должен	должен	ADJ	_	Degree=Pos|Gender=Masc|Number=Sing|Variant=Short	_	_	_	@vb1988m-words#@vb1988m#180.295#180.563
718	был	быть	AUX	_	Aspect=Imp|Gender=Masc|Mood=Ind|Number=Sing|Tense=Past|VerbForm=Fin|Voice=Act	_	_	_	@vb1988m-words#@vb1988m#180.563#180.831
719	быть	быть	AUX	_	Aspect=Imp|VerbForm=Inf|Voice=Act	_	_	_	@vb1988m-words#@vb1988m#180.831#181.099
720	нож	нож	NOUN	_	Animacy=Inan|Case=Nom|Gender=Masc|Number=Sing	_	_	_	@vb1988m-words#@vb1988m#181.099#181.367
721	у	у	ADP	_	_	_	_	_	@vb1988m-words#@vb1988m#181.367#181.635
722	каждого	каждый	DET	_	Case=Gen|Gender=Masc|Number=Sing	_	_	_	@vb1988m-words#@vb1988m#181.635#181.903
723	члена	член	NOUN	_	Animacy=Anim|Case=Gen|Gender=Masc|Number=Sing	_	_	_	@vb1988m-words#@vb1988m#181.903#182.171
724	семьи	семья	NOUN	_	Animacy=Inan|Case=Gen|Gender=Fem|Number=Sing	_	_	_	@vb1988m-words#@vb1988m#182.171#182.439
725	на	на	ADP	_	_	_	_	_	@vb1988m-words#@vb1988m#182.439#182.707
726	всякий	всякий	DET	_	Case=Acc|Gender=Masc|Number=Sing	_	_	_	@vb1988m-words#@vb1988m#182.707#182.975
727	случай	случай	NOUN	_	Animacy=Inan|Case=Acc|Gender=Masc|Number=Sing	_	_	_	@vb1988m-words#@vb1988m#182.975#183.267
728	да	да	PART	_	_	_	_	_	@vb1988m-words#@vb1988m#185.793#186.062
729	это..	это..	PROPN	_	Animacy=Anim|Case=Dat|Gender=Fem|Number=Sing	_	_	_	@vb1988m-words#@vb1988m#186.062#186.331
730	это	это	PRON	_	Animacy=Inan|Case=Nom|Gender=Neut|Number=Sing	_	_	_	@vb1988m-words#@vb1988m#186.331#186.6
731	чтобы	чтобы	SCONJ	_	Mood=Cnd	_	_	_	@vb1988m-words#@vb1988m#186.6#186.869
732	если	если	SCONJ	_	_	_	_	_	@vb1988m-words#@vb1988m#186.869#187.138
733	что	что	SCONJ	_	_	_	_	_	@vb1988m-words#@vb1988m#187.138#187.407
734	она	она	PRON	_	Case=Nom|Gender=Fem|Number=Sing|Person=3	_	_	_	@vb1988m-words#@vb1988m#187.407#187.676
735	такая	такой	DET	_	Case=Nom|Gender=Fem|Number=Sing	_	_	_	@vb1988m-words#@vb1988m#187.676#187.945
736	ой	а	NOUN	_	Animacy=Inan|Case=Ins|Gender=Fem|Number=Sing	_	_	_	@vb1988m-words#@vb1988m#187.945#188.214
737	/	/	PUNCT	_	_	_	_	_	@vb1988m-words#@vb1988m#188.214#188.483
738	ой	а	ADJ	_	Case=Ins|Degree=Pos|Gender=Fem|Number=Sing	_	_	_	@vb1988m-words#@vb1988m#188.483#188.752
739	ой	ой	ADJ	_	Case=Ins|Degree=Pos|Gender=Fem|Number=Sing	_	_	_	@vb1988m-words#@vb1988m#188.752#189.021
740	ой	а	NOUN	_	Animacy=Inan|Case=Ins|Gender=Fem|Number=Sing	_	_	_	@vb1988m-words#@vb1988m#189.021#189.29
741	/	/	PUNCT	_	_	_	_	_	@vb1988m-words#@vb1988m#189.29#189.559
742	я	я	PRON	_	Case=Nom|Number=Sing|Person=1	_	_	_	@vb1988m-words#@vb1988m#189.559#189.828
743	щас	щы	VERB	_	Aspect=Perf|Gender=Masc|Mood=Ind|Number=Sing|Tense=Past|VerbForm=Fin|Voice=Act	_	_	_	@vb1988m-words#@vb1988m#189.828#190.097
744	подожди	подождать	NOUN	_	Animacy=Anim|Case=Nom|Gender=Masc|Number=Plur	_	_	_	@vb1988m-words#@vb1988m#190.097#190.366
745	/	/	PUNCT	_	_	_	_	_	@vb1988m-words#@vb1988m#190.366#190.635
746	заберу	заберить	VERB	_	Aspect=Perf|Mood=Ind|Number=Sing|Person=1|Tense=Fut|VerbForm=Fin|Voice=Act	_	_	_	@vb1988m-words#@vb1988m#190.635#190.904
747	своего	свой	DET	_	Case=Acc|Gender=Masc|Number=Sing	_	_	_	@vb1988m-words#@vb1988m#190.904#191.173
748	ребеночка	ребеночек	NOUN	_	Animacy=Anim|Case=Acc|Gender=Masc|Number=Sing	_	_	_	@vb1988m-words#@vb1988m#191.173#191.442
749	/	/	PUNCT	_	_	_	_	_	@vb1988m-words#@vb1988m#191.442#191.711
750	[нрзб]	[нрзб]	PUNCT	_	_	_	_	_	@vb1988m-words#@vb1988m#191.711#191.98
751	#смех#	#смех#	NOUN	_	Animacy=Inan|Case=Gen|Gender=Fem|Number=Sing	_	_	_	@vb1988m-words#@vb1988m#191.98#192.249
752	понимаешь	понимать	VERB	_	Aspect=Imp|Mood=Ind|Number=Sing|Person=2|Tense=Pres|VerbForm=Fin|Voice=Act	_	_	_	@vb1988m-words#@vb1988m#192.249#192.518
753	/	/	PUNCT	_	_	_	_	_	@vb1988m-words#@vb1988m#192.518#192.787
754	я	я	PRON	_	Case=Nom|Number=Sing|Person=1	_	_	_	@vb1988m-words#@vb1988m#192.787#193.056
755	думаю	думать	VERB	_	Aspect=Imp|Mood=Ind|Number=Sing|Person=1|Tense=Pres|VerbForm=Fin|Voice=Act	_	_	_	@vb1988m-words#@vb1988m#193.056#193.325
756	это	это	PRON	_	Animacy=Inan|Case=Acc|Gender=Neut|Number=Sing	_	_	_	@vb1988m-words#@vb1988m#193.325#193.594
757	на	на	ADP	_	_	_	_	_	@vb1988m-words#@vb1988m#193.594#193.863
758	этот	этот	DET	_	Case=Acc|Gender=Masc|Number=Sing	_	_	_	@vb1988m-words#@vb1988m#193.863#194.132
759	случай	случай	NOUN	_	Animacy=Inan|Case=Acc|Gender=Masc|Number=Sing	_	_	_	@vb1988m-words#@vb1988m#194.132#194.413
760	под	под	ADP	_	_	_	_	_	@vb1988m-words#@vb1988m#204.275#204.697
761	попой	попой	NOUN	_	Animacy=Inan|Case=Ins|Gender=Fem|Number=Sing	_	_	_	@vb1988m-words#@vb1988m#204.697#205.119
762	бензопила	бензопить	NOUN	_	Animacy=Inan|Case=Gen|Gender=Masc|Number=Sing	_	_	_	@vb1988m-words#@vb1988m#205.119#205.541
763	[нрзб]	[нрзб]	PUNCT	_	_	_	_	_	@vb1988m-words#@vb1988m#205.541#205.963
764	ей	она	PRON	_	Case=Dat|Gender=Fem|Number=Sing|Person=3	_	_	_	@vb1988m-words#@vb1988m#205.963#206.385
765	было	быть	AUX	_	Aspect=Imp|Gender=Neut|Mood=Ind|Number=Sing|Tense=Past|VerbForm=Fin|Voice=Act	_	_	_	@vb1988m-words#@vb1988m#206.385#206.807
766	неудобно	неудобный	ADJ	_	Degree=Pos|Gender=Neut|Number=Sing|Variant=Short	_	_	_	@vb1988m-words#@vb1988m#206.807#207.229
767	спать	спать	VERB	_	Aspect=Imp|VerbForm=Inf|Voice=Act	_	_	_	@vb1988m-words#@vb1988m#207.229#207.651
768	/	/	PUNCT	_	_	_	_	_	@vb1988m-words#@vb1988m#207.651#208.073
769	ээ	ээ	INTJ	_	_	_	_	_	@vb1988m-words#@vb1988m#208.073#208.495
770	/	/	PUNCT	_	_	_	_	_	@vb1988m-words#@vb1988m#208.495#208.917
771	как	как	SCONJ	_	_	_	_	_	@vb1988m-words#@vb1988m#208.917#209.339
772	прошло	пройти	VERB	_	Aspect=Perf|Gender=Neut|Mood=Ind|Number=Sing|Tense=Past|VerbForm=Fin|Voice=Act	_	_	_	@vb1988m-words#@vb1988m#209.339#209.761
773	твоё	етво	PRON	_	Animacy=Inan|Case=Nom|Gender=Neut|Number=Sing	_	_	_	@vb1988m-words#@vb1988m#209.761#210.183
774	самое	самый	ADJ	_	Case=Nom|Degree=Pos|Gender=Neut|Number=Sing	_	_	_	@vb1988m-words#@vb1988m#210.183#210.605
775	первое	первый	ADJ	_	Case=Nom|Degree=Pos|Gender=Neut|Number=Sing	_	_	_	@vb1988m-words#@vb1988m#210.605#211.027
776	выступление	выступление	NOUN	_	Animacy=Inan|Case=Nom|Gender=Neut|Number=Sing	_	_	_	@vb1988m-words#@vb1988m#211.027#211.449
777	и	и	CCONJ	_	_	_	_	_	@vb1988m-words#@vb1988m#211.449#211.871
778	где	где	ADV	_	Degree=Pos	_	_	_	@vb1988m-words#@vb1988m#211.871#212.31
779	а	а	CCONJ	_	_	_	_	_	@vb1988m-words#@vb1988m#213.586#213.841
780	в	в	ADP	_	_	_	_	_	@vb1988m-words#@vb1988m#213.841#214.096
781	Москве	Москва	PROPN	_	Animacy=Inan|Case=Loc|Gender=Fem|Number=Sing	_	_	_	@vb1988m-words#@vb1988m#214.096#214.351
782	это	это	PRON	_	Animacy=Inan|Case=Nom|Gender=Neut|Number=Sing	_	_	_	@vb1988m-words#@vb1988m#214.351#214.606
783	уже	уже	ADV	_	Degree=Pos	_	_	_	@vb1988m-words#@vb1988m#214.606#214.862
784	оо	оо	ADV	_	Degree=Pos	_	_	_	@vb1988m-words#@vb1988m#225.379#225.764
785	/	/	PUNCT	_	_	_	_	_	@vb1988m-words#@vb1988m#225.764#226.149
786	я	я	PRON	_	Case=Nom|Number=Sing|Person=1	_	_	_	@vb1988m-words#@vb1988m#226.149#226.534
787	помню	помнить	VERB	_	Aspect=Imp|Mood=Ind|Number=Sing|Person=1|Tense=Pres|VerbForm=Fin|Voice=Act	_	_	_	@vb1988m-words#@vb1988m#226.534#226.919
788	этот	этот	DET	_	Case=Acc|Gender=Masc|Number=Sing	_	_	_	@vb1988m-words#@vb1988m#226.919#227.304
789	/	/	PUNCT	_	_	_	_	_	@vb1988m-words#@vb1988m#227.304#227.689
790	это	этот	DET	_	Case=Acc|Gender=Neut|Number=Sing	_	_	_	@vb1988m-words#@vb1988m#227.689#228.074
791	время	время	NOUN	_	Animacy=Inan|Case=Acc|Gender=Neut|Number=Sing	_	_	_	@vb1988m-words#@vb1988m#228.074#228.459
792	#смех#	#смех#	NOUN	_	Animacy=Inan|Case=Gen|Gender=Fem|Number=Sing	_	_	_	@vb1988m-words#@vb1988m#228.459#228.844
793	/	/	PUNCT	_	_	_	_	_	@vb1988m-words#@vb1988m#228.844#229.229
794	Марат	Марат	PROPN	_	Animacy=Inan|Case=Nom|Gender=Masc|Number=Sing	_	_	_	@vb1988m-words#@vb1988m#229.229#229.614
795	часто	часто	ADV	_	Degree=Pos	_	_	_	@vb1988m-words#@vb1988m#229.614#229.999
796	выходил	выходить	VERB	_	Aspect=Imp|Gender=Masc|Mood=Ind|Number=Sing|Tense=Past|VerbForm=Fin|Voice=Act	_	_	_	@vb1988m-words#@vb1988m#229.999#230.384
797	пиздиться	пиздиться	VERB	_	Aspect=Perf|VerbForm=Inf|Voice=Mid	_	_	_	@vb1988m-words#@vb1988m#230.384#230.769
798	со	с	ADP	_	_	_	_	_	@vb1988m-words#@vb1988m#230.769#231.154
799	всеми	весь	DET	_	Case=Ins|Number=Plur	_	_	_	@vb1988m-words#@vb1988m#231.154#231.551
800	первое	первый	ADJ	_	Case=Nom|Degree=Pos|Gender=Neut|Number=Sing	_	_	_	@vb1988m-words#@vb1988m#247.827#248.232
801	выступление	выступление	NOUN	_	Animacy=Inan|Case=Nom|Gender=Neut|Number=Sing	_	_	_	@vb1988m-words#@vb1988m#248.232#248.637
802	было	быть	AUX	_	Aspect=Imp|Gender=Neut|Mood=Ind|Number=Sing|Tense=Past|VerbForm=Fin|Voice=Act	_	_	_	@vb1988m-words#@vb1988m#248.637#249.042
803	нормальным	нормальный	ADJ	_	Case=Ins|Degree=Pos|Gender=Neut|Number=Sing	_	_	_	@vb1988m-words#@vb1988m#249.042#249.448
804	ээ	ээ	NOUN	_	Animacy=Inan|Case=Nom|Gender=Neut|Number=Sing	_	_	_	@vb1988m-words#@vb1988m#249.827#250.25
805	/	/	PUNCT	_	_	_	_	_	@vb1988m-words#@vb1988m#250.25#250.673
806	с..	с.траница	PROPN	_	Animacy=Anim|Case=Dat|Gender=Fem|Number=Sing	_	_	_	@vb1988m-words#@vb1988m#250.673#251.096
807	нету	нет	VERB	_	Aspect=Imp|Mood=Ind|Number=Sing|Person=3|Tense=Pres|VerbForm=Fin|Voice=Act	_	_	_	@vb1988m-words#@vb1988m#251.096#251.519
808	ли	ли	PART	_	_	_	_	_	@vb1988m-words#@vb1988m#251.519#251.942
809	напряжения	напряжение	NOUN	_	Animacy=Inan|Case=Gen|Gender=Neut|Number=Sing	_	_	_	@vb1988m-words#@vb1988m#251.942#252.365
810	с	с	ADP	_	_	_	_	_	@vb1988m-words#@vb1988m#252.365#252.788
811	другими	другой	ADJ	_	Case=Ins|Degree=Pos|Number=Plur	_	_	_	@vb1988m-words#@vb1988m#252.788#253.211
812	комиками	комика	NOUN	_	Animacy=Anim|Case=Ins|Gender=Masc|Number=Plur	_	_	_	@vb1988m-words#@vb1988m#253.211#253.634
813	в	в	ADP	_	_	_	_	_	@vb1988m-words#@vb1988m#253.634#254.057
814	отношениях	отношение	NOUN	_	Animacy=Inan|Case=Loc|Gender=Neut|Number=Plur	_	_	_	@vb1988m-words#@vb1988m#254.057#254.48
815	/	/	PUNCT	_	_	_	_	_	@vb1988m-words#@vb1988m#254.48#254.903
816	это	это	PRON	_	Animacy=Inan|Case=Nom|Gender=Neut|Number=Sing	_	_	_	@vb1988m-words#@vb1988m#254.903#255.326
817	вопрос	вопрос	NOUN	_	Animacy=Inan|Case=Nom|Gender=Masc|Number=Sing	_	_	_	@vb1988m-words#@vb1988m#255.326#255.749
818	/	/	PUNCT	_	_	_	_	_	@vb1988m-words#@vb1988m#255.749#256.172
819	и	и	CCONJ	_	_	_	_	_	@vb1988m-words#@vb1988m#256.172#256.595
820	в	в	ADP	_	_	_	_	_	@vb1988m-words#@vb1988m#256.595#257.018
821	скобках	скобка	NOUN	_	Animacy=Inan|Case=Loc|Gender=Fem|Number=Plur	_	_	_	@vb1988m-words#@vb1988m#257.018#257.441
822	обожаю	обожать	VERB	_	Aspect=Imp|Mood=Ind|Number=Sing|Person=1|Tense=Pres|VerbForm=Fin|Voice=Act	_	_	_	@vb1988m-words#@vb1988m#257.441#257.864
823	тебя	ты	PRON	_	Case=Acc|Number=Sing|Person=2	_	_	_	@vb1988m-words#@vb1988m#257.864#258.287
824	сладкий	сладкий	ADJ	_	Case=Nom|Degree=Pos|Gender=Masc|Number=Sing	_	_	_	@vb1988m-words#@vb1988m#258.287#258.724
825	аккуратнее	аккуратнее	ADV	_	Degree=Cmp	_	_	_	@vb1988m-words#@vb1988m#263.862#264.241
826	/	/	PUNCT	_	_	_	_	_	@vb1988m-words#@vb1988m#264.241#264.62
827	береги	берег	VERB	_	Aspect=Imp|Mood=Imp|Number=Sing|Person=2|VerbForm=Fin|Voice=Act	_	_	_	@vb1988m-words#@vb1988m#264.62#264.999
828	сердечко	сердечко	NOUN	_	Animacy=Inan|Case=Acc|Gender=Neut|Number=Sing	_	_	_	@vb1988m-words#@vb1988m#264.999#265.379
829	ну	ну	PART	_	_	_	_	_	@vb1988m-words#@vb1988m#266.809#267.125
830	короче	коротко	ADV	_	Degree=Cmp	_	_	_	@vb1988m-words#@vb1988m#267.125#267.441
831	есть	быть	VERB	_	Aspect=Imp|Mood=Ind|Number=Sing|Person=3|Tense=Pres|VerbForm=Fin|Voice=Act	_	_	_	@vb1988m-words#@vb1988m#267.441#267.757
832	ли	ли	PART	_	_	_	_	_	@vb1988m-words#@vb1988m#267.757#268.073
833	у	у	ADP	_	_	_	_	_	@vb1988m-words#@vb1988m#268.073#268.389
834	тебя	ты	PRON	_	Case=Gen|Number=Sing|Person=2	_	_	_	@vb1988m-words#@vb1988m#268.389#268.705
835	с	с	ADP	_	_	_	_	_	@vb1988m-words#@vb1988m#268.705#269.021
836	какими-то	какой-то	DET	_	Case=Ins|Number=Plur	_	_	_	@vb1988m-words#@vb1988m#269.021#269.337
837	комиками	комика	NOUN	_	Animacy=Anim|Case=Ins|Gender=Masc|Number=Plur	_	_	_	@vb1988m-words#@vb1988m#269.337#269.653
838	напряжённые	напряжённый	ADJ	_	Case=Nom|Degree=Pos|Number=Plur	_	_	_	@vb1988m-words#@vb1988m#269.653#269.969
839	отношения	отношение	NOUN	_	Animacy=Inan|Case=Nom|Gender=Neut|Number=Plur	_	_	_	@vb1988m-words#@vb1988m#269.969#270.285
840	и	и	CCONJ	_	_	_	_	_	@vb1988m-words#@vb1988m#270.285#270.601
841	ты	ты	PRON	_	Case=Nom|Number=Sing|Person=2	_	_	_	@vb1988m-words#@vb1988m#270.601#270.917
842	такой	такой	DET	_	Case=Ins|Gender=Fem|Number=Sing	_	_	_	@vb1988m-words#@vb1988m#270.917#271.241
843	эээ	эээ	NOUN	_	Animacy=Inan|Case=Nom|Gender=Neut|Number=Sing	_	_	_	@vb1988m-words#@vb1988m#288.517#288.946
844	/	/	PUNCT	_	_	_	_	_	@vb1988m-words#@vb1988m#288.946#289.375
845	это	это	PRON	_	_	_	_	_	@vb1988m-words#@vb1988m#289.375#289.804
846	твоя	твой	DET	_	Case=Nom|Gender=Fem|Number=Sing	_	_	_	@vb1988m-words#@vb1988m#289.804#290.233
847	окончательная	окончательный	ADJ	_	Case=Nom|Degree=Pos|Gender=Fem|Number=Sing	_	_	_	@vb1988m-words#@vb1988m#290.233#290.662
848	причёска	причёск	NOUN	_	Animacy=Inan|Case=Nom|Gender=Fem|Number=Sing	_	_	_	@vb1988m-words#@vb1988m#290.662#291.091
849	или	или	CCONJ	_	_	_	_	_	@vb1988m-words#@vb1988m#291.091#291.52
850	ты	ты	PRON	_	Case=Nom|Number=Sing|Person=2	_	_	_	@vb1988m-words#@vb1988m#291.52#291.949
851	дальше	далеко	ADV	_	Degree=Cmp	_	_	_	@vb1988m-words#@vb1988m#291.949#292.378
852	будешь	быть	AUX	_	Aspect=Imp|Mood=Ind|Number=Sing|Person=2|Tense=Pres|VerbForm=Fin|Voice=Act	_	_	_	@vb1988m-words#@vb1988m#292.378#292.807
853	отращивать	отращивать	VERB	_	Aspect=Imp|VerbForm=Inf|Voice=Act	_	_	_	@vb1988m-words#@vb1988m#292.807#293.241
854	на	на	ADP	_	_	_	_	_	@vb1988m-words#@vb1988m#294.543#294.928
855	самом	самый	ADJ	_	Case=Loc|Degree=Pos|Gender=Neut|Number=Sing	_	_	_	@vb1988m-words#@vb1988m#294.928#295.313
856	деле	дело	NOUN	_	Animacy=Inan|Case=Loc|Gender=Neut|Number=Sing	_	_	_	@vb1988m-words#@vb1988m#295.313#295.698
857	/	/	PUNCT	_	_	_	_	_	@vb1988m-words#@vb1988m#295.698#296.083
858	чувак	чувак	NOUN	_	Animacy=Anim|Case=Nom|Gender=Masc|Number=Sing	_	_	_	@vb1988m-words#@vb1988m#296.083#296.468
859	/	/	PUNCT	_	_	_	_	_	@vb1988m-words#@vb1988m#296.468#296.853
860	норм	норма	NOUN	_	Animacy=Inan|Case=Acc|Gender=Masc|Number=Sing	_	_	_	@vb1988m-words#@vb1988m#296.853#297.241
861	я	я	PRON	_	Case=Nom|Number=Sing|Person=1	_	_	_	@vb1988m-words#@vb1988m#297.517#297.793
862	вот	вот	PART	_	_	_	_	_	@vb1988m-words#@vb1988m#297.793#298.069
863	/	/	PUNCT	_	_	_	_	_	@vb1988m-words#@vb1988m#298.069#298.345
864	я	я	PRON	_	Case=Nom|Number=Sing|Person=1	_	_	_	@vb1988m-words#@vb1988m#298.345#298.621
865	вот	вот	PART	_	_	_	_	_	@vb1988m-words#@vb1988m#298.621#298.897
866	всё	весь	DET	_	Case=Acc|Gender=Neut|Number=Sing	_	_	_	@vb1988m-words#@vb1988m#298.897#299.173
867	время	время	NOUN	_	Animacy=Inan|Case=Acc|Gender=Neut|Number=Sing	_	_	_	@vb1988m-words#@vb1988m#299.173#299.449
868	психую	психой	ADJ	_	Case=Acc|Degree=Pos|Gender=Fem|Number=Sing	_	_	_	@vb1988m-words#@vb1988m#299.449#299.725
869	на	на	ADP	_	_	_	_	_	@vb1988m-words#@vb1988m#299.725#300.001
870	моменте	момент	NOUN	_	Animacy=Inan|Case=Loc|Gender=Masc|Number=Sing	_	_	_	@vb1988m-words#@vb1988m#300.001#300.277
871	/	/	PUNCT	_	_	_	_	_	@vb1988m-words#@vb1988m#300.277#300.553
872	вот	вот	PART	_	_	_	_	_	@vb1988m-words#@vb1988m#300.553#300.829
873	этого	это	PRON	_	Animacy=Inan|Case=Gen|Gender=Neut|Number=Sing	_	_	_	@vb1988m-words#@vb1988m#300.829#301.105
874	/	/	PUNCT	_	_	_	_	_	@vb1988m-words#@vb1988m#301.105#301.381
875	я	я	PRON	_	Case=Nom|Number=Sing|Person=1	_	_	_	@vb1988m-words#@vb1988m#301.381#301.657
876	всё	весь	DET	_	Case=Acc|Gender=Neut|Number=Sing	_	_	_	@vb1988m-words#@vb1988m#301.657#301.933
877	время	время	NOUN	_	Animacy=Inan|Case=Acc|Gender=Neut|Number=Sing	_	_	_	@vb1988m-words#@vb1988m#301.933#302.209
878	просто	просто	PART	_	_	_	_	_	@vb1988m-words#@vb1988m#302.209#302.485
879	хотел	хотеть	VERB	_	Aspect=Imp|Gender=Masc|Mood=Ind|Number=Sing|Tense=Past|VerbForm=Fin|Voice=Act	_	_	_	@vb1988m-words#@vb1988m#302.485#302.761
880	отрастить	отрастить	VERB	_	Aspect=Perf|VerbForm=Inf|Voice=Act	_	_	_	@vb1988m-words#@vb1988m#302.761#303.037
881	какие-нибудь	какой-нибудь	DET	_	Case=Acc|Number=Plur	_	_	_	@vb1988m-words#@vb1988m#303.037#303.313
882	патлы	пател	NOUN	_	Animacy=Inan|Case=Acc|Gender=Masc|Number=Plur	_	_	_	@vb1988m-words#@vb1988m#303.313#303.589
883	/	/	PUNCT	_	_	_	_	_	@vb1988m-words#@vb1988m#303.589#303.865
884	не	не	PART	_	_	_	_	_	@vb1988m-words#@vb1988m#303.865#304.141
885	стрич…	стрич…	PUNCT	_	_	_	_	_	@vb1988m-words#@vb1988m#304.141#304.417
886	/	/	PUNCT	_	_	_	_	_	@vb1988m-words#@vb1988m#304.417#304.693
887	ненавижу	ненавидеть	VERB	_	Aspect=Imp|Mood=Ind|Number=Sing|Person=1|Tense=Pres|VerbForm=Fin|Voice=Act	_	_	_	@vb1988m-words#@vb1988m#304.693#304.969
888	стричься	стричься	VERB	_	Aspect=Imp|VerbForm=Inf|Voice=Mid	_	_	_	@vb1988m-words#@vb1988m#304.969#305.245
889	/	/	PUNCT	_	_	_	_	_	@vb1988m-words#@vb1988m#305.245#305.521
890	и	и	CCONJ	_	_	_	_	_	@vb1988m-words#@vb1988m#305.521#305.797
891	я	я	PRON	_	Case=Nom|Number=Sing|Person=1	_	_	_	@vb1988m-words#@vb1988m#305.797#306.073
892	психую	психой	ADJ	_	Case=Acc|Degree=Pos|Gender=Fem|Number=Sing	_	_	_	@vb1988m-words#@vb1988m#306.073#306.349
893	на	на	ADP	_	_	_	_	_	@vb1988m-words#@vb1988m#306.349#306.625
894	моменте	момент	NOUN	_	Animacy=Inan|Case=Loc|Gender=Masc|Number=Sing	_	_	_	@vb1988m-words#@vb1988m#306.625#306.901
895	когда	когда	SCONJ	_	_	_	_	_	@vb1988m-words#@vb1988m#306.901#307.177
896	у	у	ADP	_	_	_	_	_	@vb1988m-words#@vb1988m#307.177#307.453
897	меня	я	PRON	_	Case=Gen|Number=Sing|Person=1	_	_	_	@vb1988m-words#@vb1988m#307.453#307.729
898	чёлка	чёлка	NOUN	_	Animacy=Inan|Case=Nom|Gender=Fem|Number=Sing	_	_	_	@vb1988m-words#@vb1988m#307.729#308.005
899	начинает	начинать	VERB	_	Aspect=Imp|Mood=Ind|Number=Sing|Person=3|Tense=Pres|VerbForm=Fin|Voice=Act	_	_	_	@vb1988m-words#@vb1988m#308.005#308.281
900	вот	вот	PART	_	_	_	_	_	@vb1988m-words#@vb1988m#308.281#308.557
901	так	так	ADV	_	Degree=Pos	_	_	_	@vb1988m-words#@vb1988m#308.557#308.833
902	как	как	SCONJ	_	_	_	_	_	@vb1988m-words#@vb1988m#308.833#309.109
903	у	у	ADP	_	_	_	_	_	@vb1988m-words#@vb1988m#309.109#309.385
904	буратино	буратино	NOUN	_	Animacy=Inan|Case=Gen|Gender=Neut|Number=Sing	_	_	_	@vb1988m-words#@vb1988m#309.385#309.661
905	завиваться	завиваться	VERB	_	Aspect=Imp|VerbForm=Inf|Voice=Mid	_	_	_	@vb1988m-words#@vb1988m#309.661#309.937
906	/	/	PUNCT	_	_	_	_	_	@vb1988m-words#@vb1988m#309.937#310.213
907	у	у	ADP	_	_	_	_	_	@vb1988m-words#@vb1988m#310.213#310.489
908	меня	я	PRON	_	Case=Gen|Number=Sing|Person=1	_	_	_	@vb1988m-words#@vb1988m#310.489#310.765
909	здесь	здесь	ADV	_	Degree=Pos	_	_	_	@vb1988m-words#@vb1988m#310.765#311.041
910	можно	можно	ADV	_	Degree=Pos	_	_	_	@vb1988m-words#@vb1988m#311.041#311.317
911	кататься	кататься	VERB	_	Aspect=Imp|VerbForm=Inf|Voice=Mid	_	_	_	@vb1988m-words#@vb1988m#311.317#311.593
912	на	на	ADP	_	_	_	_	_	@vb1988m-words#@vb1988m#311.593#311.869
913	скейтборде	скейтборд	NOUN	_	Animacy=Inan|Case=Loc|Gender=Fem|Number=Sing	_	_	_	@vb1988m-words#@vb1988m#311.869#312.145
914	/	/	PUNCT	_	_	_	_	_	@vb1988m-words#@vb1988m#312.145#312.421
915	в	в	ADP	_	_	_	_	_	@vb1988m-words#@vb1988m#312.421#312.697
916	какой-то	какой-то	DET	_	Case=Acc|Gender=Masc|Number=Sing	_	_	_	@vb1988m-words#@vb1988m#312.697#312.973
917	момент	момент	NOUN	_	Animacy=Inan|Case=Acc|Gender=Masc|Number=Sing	_	_	_	@vb1988m-words#@vb1988m#312.973#313.249
918	я	я	PRON	_	Case=Nom|Number=Sing|Person=1	_	_	_	@vb1988m-words#@vb1988m#313.249#313.525
919	такой	такой	DET	_	Case=Nom|Gender=Masc|Number=Sing	_	_	_	@vb1988m-words#@vb1988m#313.525#313.801
920	как	как	ADV	_	Degree=Pos	_	_	_	@vb1988m-words#@vb1988m#313.801#314.077
921	/	/	PUNCT	_	_	_	_	_	@vb1988m-words#@vb1988m#314.077#314.353
922	[нрзб]	[нрзб]	PUNCT	_	_	_	_	_	@vb1988m-words#@vb1988m#314.353#314.629
923	/	/	PUNCT	_	_	_	_	_	@vb1988m-words#@vb1988m#314.629#314.905
924	ты	ты	PRON	_	Case=Nom|Number=Sing|Person=2	_	_	_	@vb1988m-words#@vb1988m#314.905#315.181
925	знаешь	знать	VERB	_	Aspect=Imp|Mood=Ind|Number=Sing|Person=2|Tense=Pres|VerbForm=Fin|Voice=Act	_	_	_	@vb1988m-words#@vb1988m#315.181#315.457
926	как	как	ADV	_	Degree=Pos	_	_	_	@vb1988m-words#@vb1988m#315.457#315.733
927	/	/	PUNCT	_	_	_	_	_	@vb1988m-words#@vb1988m#315.733#316.009
928	опилка	опилка	NOUN	_	Animacy=Inan|Case=Nom|Gender=Fem|Number=Sing	_	_	_	@vb1988m-words#@vb1988m#316.009#316.285
929	какая-то	какой-то	DET	_	Case=Nom|Gender=Fem|Number=Sing	_	_	_	@vb1988m-words#@vb1988m#316.285#316.561
930	становится	становиться	VERB	_	Aspect=Imp|Mood=Ind|Number=Sing|Person=3|Tense=Pres|VerbForm=Fin|Voice=Mid	_	_	_	@vb1988m-words#@vb1988m#316.561#316.837
931	дебильная	дебильный	ADJ	_	Case=Nom|Degree=Pos|Gender=Fem|Number=Sing	_	_	_	@vb1988m-words#@vb1988m#316.837#317.113
932	/	/	PUNCT	_	_	_	_	_	@vb1988m-words#@vb1988m#317.113#317.389
933	вот	вот	PART	_	_	_	_	_	@vb1988m-words#@vb1988m#317.389#317.665
934	а	а	PART	_	_	_	_	_	@vb1988m-words#@vb1988m#317.665#317.941
935	у	у	ADP	_	_	_	_	_	@vb1988m-words#@vb1988m#317.941#318.217
936	тебя	ты	PRON	_	Case=Gen|Number=Sing|Person=2	_	_	_	@vb1988m-words#@vb1988m#318.217#318.493
937	эта	этот	DET	_	Case=Nom|Gender=Fem|Number=Sing	_	_	_	@vb1988m-words#@vb1988m#318.493#318.769
938	стадия	стадия	NOUN	_	Animacy=Inan|Case=Nom|Gender=Fem|Number=Sing	_	_	_	@vb1988m-words#@vb1988m#318.769#319.045
939	проходит	проходить	VERB	_	Aspect=Imp|Mood=Ind|Number=Sing|Person=3|Tense=Pres|VerbForm=Fin|Voice=Act	_	_	_	@vb1988m-words#@vb1988m#319.045#319.321
940	нормально	нормально	ADV	_	Degree=Pos	_	_	_	@vb1988m-words#@vb1988m#319.321#319.597
941	/	/	PUNCT	_	_	_	_	_	@vb1988m-words#@vb1988m#319.597#319.873
942	мне	я	PRON	_	Case=Dat|Number=Sing|Person=1	_	_	_	@vb1988m-words#@vb1988m#319.873#320.149
943	кажется	казаться	VERB	_	Aspect=Imp|Mood=Ind|Number=Sing|Person=3|Tense=Pres|VerbForm=Fin|Voice=Mid	_	_	_	@vb1988m-words#@vb1988m#320.149#320.425
944	этот	этот	DET	_	Case=Nom|Gender=Masc|Number=Sing	_	_	_	@vb1988m-words#@vb1988m#320.425#320.701
945	вот	вот	PART	_	_	_	_	_	@vb1988m-words#@vb1988m#320.701#320.977
946	момент	момент	NOUN	_	Animacy=Anim|Case=Nom|Gender=Masc|Number=Sing	_	_	_	@vb1988m-words#@vb1988m#320.977#321.253
947	/	/	PUNCT	_	_	_	_	_	@vb1988m-words#@vb1988m#321.253#321.529
948	уши	ухо	NOUN	_	Animacy=Inan|Case=Acc|Gender=Neut|Number=Plur	_	_	_	@vb1988m-words#@vb1988m#321.529#321.805
949	/	/	PUNCT	_	_	_	_	_	@vb1988m-words#@vb1988m#321.805#322.081
950	короче	коротко	ADV	_	Degree=Cmp	_	_	_	@vb1988m-words#@vb1988m#322.081#322.357
951	пока	пока	ADV	_	Degree=Pos	_	_	_	@vb1988m-words#@vb1988m#322.357#322.633
952	вот	вот	PART	_	_	_	_	_	@vb1988m-words#@vb1988m#322.633#322.909
953	ты	ты	PRON	_	Case=Nom|Number=Sing|Person=2	_	_	_	@vb1988m-words#@vb1988m#322.909#323.185
954	с	с	ADP	_	_	_	_	_	@vb1988m-words#@vb1988m#323.185#323.461
955	открытыми	открытый	ADJ	_	Case=Ins|Degree=Pos|Number=Plur	_	_	_	@vb1988m-words#@vb1988m#323.461#323.737
956	ушами	ухо	NOUN	_	Animacy=Inan|Case=Ins|Gender=Neut|Number=Plur	_	_	_	@vb1988m-words#@vb1988m#323.737#324.013
957	/	/	PUNCT	_	_	_	_	_	@vb1988m-words#@vb1988m#324.013#324.289
958	ты	ты	PRON	_	Case=Nom|Number=Sing|Person=2	_	_	_	@vb1988m-words#@vb1988m#324.289#324.565
959	выглядишь	выглядеть	VERB	_	Aspect=Imp|Mood=Ind|Number=Sing|Person=2|Tense=Pres|VerbForm=Fin|Voice=Act	_	_	_	@vb1988m-words#@vb1988m#324.565#324.841
960	нормально	нормально	ADV	_	Degree=Pos	_	_	_	@vb1988m-words#@vb1988m#324.841#325.117
961	/	/	PUNCT	_	_	_	_	_	@vb1988m-words#@vb1988m#325.117#325.393
962	и	и	CCONJ	_	_	_	_	_	@vb1988m-words#@vb1988m#325.393#325.669
963	пока	пока	ADV	_	Degree=Pos	_	_	_	@vb1988m-words#@vb1988m#325.669#325.945
964	ты	ты	PRON	_	Case=Nom|Number=Sing|Person=2	_	_	_	@vb1988m-words#@vb1988m#325.945#326.221
965	/	/	PUNCT	_	_	_	_	_	@vb1988m-words#@vb1988m#326.221#326.497
966	с	с	ADP	_	_	_	_	_	@vb1988m-words#@vb1988m#326.497#326.773
967	полностью	полностью	ADV	_	Degree=Pos	_	_	_	@vb1988m-words#@vb1988m#326.773#327.049
968	закрытыми	закрыть	ADJ	_	Case=Ins|Degree=Pos|Number=Plur	_	_	_	@vb1988m-words#@vb1988m#327.049#327.325
969	ушами	ухо	NOUN	_	Animacy=Inan|Case=Ins|Gender=Neut|Number=Plur	_	_	_	@vb1988m-words#@vb1988m#327.325#327.601
970	ты	ты	PRON	_	Case=Nom|Number=Sing|Person=2	_	_	_	@vb1988m-words#@vb1988m#327.601#327.877
971	тоже	тоже	PART	_	_	_	_	_	@vb1988m-words#@vb1988m#327.877#328.153
972	начинаешь	начинать	VERB	_	Aspect=Imp|Mood=Ind|Number=Sing|Person=2|Tense=Pres|VerbForm=Fin|Voice=Act	_	_	_	@vb1988m-words#@vb1988m#328.153#328.429
973	выглядеть	выглядеть	VERB	_	Aspect=Imp|VerbForm=Inf|Voice=Act	_	_	_	@vb1988m-words#@vb1988m#328.429#328.705
974	нормально	нормально	ADV	_	Degree=Pos	_	_	_	@vb1988m-words#@vb1988m#328.705#329.0
975	вот	вот	PART	_	_	_	_	_	@vb1988m-words#@vb1988m#332.896#333.208
976	я	я	PRON	_	Case=Nom|Number=Sing|Person=1	_	_	_	@vb1988m-words#@vb1988m#333.208#333.52
977	никогда	никогда	ADV	_	Degree=Pos	_	_	_	@vb1988m-words#@vb1988m#333.52#333.832
978	/	/	PUNCT	_	_	_	_	_	@vb1988m-words#@vb1988m#333.832#334.144
979	дальше	далеко	ADV	_	Degree=Cmp	_	_	_	@vb1988m-words#@vb1988m#334.144#334.456
980	/	/	PUNCT	_	_	_	_	_	@vb1988m-words#@vb1988m#334.456#334.768
981	я	я	PRON	_	Case=Nom|Number=Sing|Person=1	_	_	_	@vb1988m-words#@vb1988m#334.768#335.08
982	говорю	говорить	VERB	_	Aspect=Imp|Mood=Ind|Number=Sing|Person=1|Tense=Pres|VerbForm=Fin|Voice=Act	_	_	_	@vb1988m-words#@vb1988m#335.08#335.392
983	/	/	PUNCT	_	_	_	_	_	@vb1988m-words#@vb1988m#335.392#335.704
984	вот	вот	PART	_	_	_	_	_	@vb1988m-words#@vb1988m#335.704#336.016
985	это	этот	PRON	_	Animacy=Inan|Case=Nom|Gender=Neut|Number=Sing	_	_	_	@vb1988m-words#@vb1988m#336.016#336.328
986	трамплина	трамплин	NOUN	_	Animacy=Inan|Case=Nom|Gender=Fem|Number=Sing	_	_	_	@vb1988m-words#@vb1988m#336.328#336.64
987	не	не	PART	_	_	_	_	_	@vb1988m-words#@vb1988m#336.64#336.952
988	отращивал	отращивать	VERB	_	Aspect=Imp|Gender=Masc|Mood=Ind|Number=Sing|Tense=Past|VerbForm=Fin|Voice=Act	_	_	_	@vb1988m-words#@vb1988m#336.952#337.275
989	ну	ну	PART	_	_	_	_	_	@vb1988m-words#@vb1988m#338.323#339.299
990	ээ	ээ	X	_	Foreign=Yes	_	_	_	@vb1988m-words#@vb1988m#339.299#340.275
991	[нрзб]	[нрзб]	PUNCT	_	_	_	_	_	@vb1988m-words#@vb1988m#350.31#351.241
992	ээ	ээ	INTJ	_	_	_	_	_	@vb1988m-words#@vb1988m#351.241#352.172
993	/	/	PUNCT	_	_	_	_	_	@vb1988m-words#@vb1988m#352.172#353.103
994	неприятно	неприятный	ADJ	_	Degree=Pos|Gender=Neut|Number=Sing|Variant=Short	_	_	_	@vb1988m-words#@vb1988m#353.103#354.034

