1	уже	уже	ADV	_	_	_	_	_	@aap1989m-words#@aap1989m#47.632#47.905
2	для	для	ADP	_	_	_	_	_	@yad1986m-words#@yad1986m#0.11#0.487
3	чего	что	PRON	_	Case=Gen	_	_	_	@yad1986m-words#@yad1986m#0.487#0.864
4	ты	ты	PRON	_	Case=Nom|Number=Sing|Person=2	_	_	_	@yad1986m-words#@yad1986m#0.864#1.241
5	придумал	придумать	VERB	_	Aspect=Perf|Gender=Masc|Mood=Ind|Number=Sing|Tense=Past|VerbForm=Fin|Voice=Act	_	_	_	@yad1986m-words#@yad1986m#1.241#1.618
6	/	/	PUNCT	_	_	_	_	_	@yad1986m-words#@yad1986m#1.618#1.995
7	моноспектакль	моноспектакль	NOUN	_	Animacy=Inan|Case=Acc|Gender=Masc|Number=Sing	_	_	_	@yad1986m-words#@yad1986m#1.995#2.372
8	заново	заново	ADV	_	_	_	_	_	@yad1986m-words#@yad1986m#2.372#2.749
9	родиться	родиться	VERB	_	Aspect=Perf|VerbForm=Inf|Voice=Mid	_	_	_	@yad1986m-words#@yad1986m#2.749#3.126
10	?	?	PUNCT	_	_	_	_	_	@yad1986m-words#@yad1986m#3.126#3.51
11	где	где	ADV	_	_	_	_	_	@yad1986m-words#@yad1986m#7.85#8.183
12	/	/	PUNCT	_	_	_	_	_	@yad1986m-words#@yad1986m#8.183#8.516
13	расскажи	рассказать	VERB	_	Aspect=Perf|Mood=Imp|Number=Sing|Person=2|VerbForm=Fin|Voice=Act	_	_	_	@yad1986m-words#@yad1986m#8.516#8.849
14	/	/	PUNCT	_	_	_	_	_	@yad1986m-words#@yad1986m#8.849#9.182
15	где	где	ADV	_	_	_	_	_	@yad1986m-words#@yad1986m#9.182#9.515
16	он	он	PRON	_	Case=Nom|Gender=Masc|Number=Sing|Person=3	_	_	_	@yad1986m-words#@yad1986m#9.515#9.848
17	был	быть	AUX	_	Aspect=Imp|Gender=Masc|Mood=Ind|Number=Sing|Tense=Past|VerbForm=Fin|Voice=Act	_	_	_	@yad1986m-words#@yad1986m#9.848#10.181
18	/	/	PUNCT	_	_	_	_	_	@yad1986m-words#@yad1986m#10.181#10.514
19	Гоа	Гоа	PROPN	_	Animacy=Inan|Case=Nom|Gender=Masc|Number=Sing	_	_	_	@yad1986m-words#@yad1986m#10.514#10.847
20	/	/	PUNCT	_	_	_	_	_	@yad1986m-words#@yad1986m#10.847#11.18
21	Таиланд	Таиланд	PROPN	_	Animacy=Inan|Case=Nom|Gender=Masc|Number=Sing	_	_	_	@yad1986m-words#@yad1986m#11.18#11.52
22	так	так	ADV	_	_	_	_	_	@yad1986m-words#@yad1986m#12.96#13.22
23	это	это	PRON	_	Animacy=Inan|Case=Nom|Gender=Neut|Number=Sing	_	_	_	@yad1986m-words#@yad1986m#79.14#79.41
24	то	то	PRON	_	Animacy=Inan|Case=Nom|Gender=Neut|Number=Sing	_	_	_	@yad1986m-words#@yad1986m#79.41#79.68
25	что	что	SCONJ	_	_	_	_	_	@yad1986m-words#@yad1986m#79.68#79.95
26	нужно	нужный	ADJ	_	Degree=Pos|Gender=Neut|Number=Sing|Variant=Short	_	_	_	@yad1986m-words#@yad1986m#79.95#80.22
27	/	/	PUNCT	_	_	_	_	_	@yad1986m-words#@yad1986m#80.22#80.49
28	наконец-то	наконец-то	ADV	_	_	_	_	_	@yad1986m-words#@yad1986m#80.49#80.76
29	все	все	DET	_	Case=Acc|Number=Plur	_	_	_	@yad1986m-words#@yad1986m#80.76#81.03
30	детали	деталь	NOUN	_	Animacy=Inan|Case=Nom|Gender=Fem|Number=Plur	_	_	_	@yad1986m-words#@yad1986m#81.03#81.3
31	которые	который	PRON	_	Case=Nom	_	_	_	@yad1986m-words#@yad1986m#81.3#81.57
32	нужда...	нужда	X _	_	_	@yad1986m-words#@yad1986m#81.57#81.84
33	/	/	PUNCT	_	_	_	_	_	@yad1986m-words#@yad1986m#81.84#82.11
34	если	если	SCONJ	_	_	_	_	_	@yad1986m-words#@yad1986m#82.11#82.38
35	ты	ты	PRON	_	Case=Nom|Number=Sing|Person=2	_	_	_	@yad1986m-words#@yad1986m#82.38#82.65
36	даже	даже	PART	_	_	_	_	_	@yad1986m-words#@yad1986m#82.65#82.92
37	скажешь	сказать	VERB	_	Aspect=Perf|Mood=Ind|Number=Sing|Person=2|Tense=Fut|VerbForm=Fin|Voice=Act	_	_	_	@yad1986m-words#@yad1986m#82.92#83.19
38	что	что	SCONJ	_	_	_	_	_	@yad1986m-words#@yad1986m#83.19#83.46
39	ты	ты	PRON	_	Case=Nom|Number=Sing|Person=2	_	_	_	@yad1986m-words#@yad1986m#83.46#83.73
40	ел	есть	VERB	_	Aspect=Imp|Gender=Masc|Mood=Ind|Number=Sing|Tense=Past|VerbForm=Fin|Voice=Act	_	_	_	@yad1986m-words#@yad1986m#83.73#84.0
41	это	это	PRON	_	Animacy=Inan|Case=Nom|Gender=Neut|Number=Sing	_	_	_	@yad1986m-words#@yad1986m#84.0#84.27
42	будет	быть	AUX	_	Aspect=Imp|Mood=Ind|Number=Sing|Person=3|Tense=Pres|VerbForm=Fin|Voice=Act	_	_	_	@yad1986m-words#@yad1986m#84.27#84.54
43	здорово	здоровый	ADV	_	Degree=Pos	_	_	_	@yad1986m-words#@yad1986m#84.54#84.83
44	ты	ты	PRON	_	Case=Nom|Number=Sing|Person=2	_	_	_	@yad1986m-words#@yad1986m#122.85#123.118
45	изначально	изначально	ADV	_	_	_	_	_	@yad1986m-words#@yad1986m#123.118#123.386
46	вкладывал	вкладывать	VERB	_	Aspect=Imp|Gender=Masc|Mood=Ind|Number=Sing|Tense=Past|VerbForm=Fin|Voice=Act	_	_	_	@yad1986m-words#@yad1986m#123.386#123.654
47	свои	свой	DET	_	Case=Acc|Number=Plur	_	_	_	@yad1986m-words#@yad1986m#123.654#123.922
48	бабки	бабки	NOUN	_	Animacy=Inan|Case=Acc|Number=Plur	_	_	_	@yad1986m-words#@yad1986m#123.922#124.19
49	в	в	ADP	_	_	_	_	_	@yad1986m-words#@yad1986m#124.19#124.458
50	него	он	PRON	_	Case=Acc|Gender=Masc|Number=Sing|Person=3	_	_	_	@yad1986m-words#@yad1986m#124.458#124.73
51	сколько	сколько	NUM	_	_	_	_	_	@yad1986m-words#@yad1986m#125.52#125.781
52	было	быть	AUX	_	Aspect=Imp|Gender=Neut|Mood=Ind|Number=Sing|Tense=Past|VerbForm=Fin|Voice=Act	_	_	_	@yad1986m-words#@yad1986m#125.781#126.042
53	/	/	PUNCT	_	_	_	_	_	@yad1986m-words#@yad1986m#126.042#126.303
54	нужно	нужный	ADJ	_	Degree=Pos|Gender=Neut|Number=Sing|Variant=Short	_	_	_	@yad1986m-words#@yad1986m#126.303#126.564
55	было	быть	AUX	_	Aspect=Imp|Gender=Neut|Mood=Ind|Number=Sing|Tense=Past|VerbForm=Fin|Voice=Act	_	_	_	@yad1986m-words#@yad1986m#126.564#126.825
56	чтобы	чтобы	SCONJ	_	Mood=Cnd	_	_	_	@yad1986m-words#@yad1986m#126.825#127.086
57	вложить	вложить	VERB	_	Aspect=Perf|VerbForm=Inf|Voice=Act	_	_	_	@yad1986m-words#@yad1986m#127.086#127.347
58	в	в	ADP	_	_	_	_	_	@yad1986m-words#@yad1986m#127.347#127.608
59	него	он	PRON	_	Case=Acc|Gender=Masc|Number=Sing|Person=3	_	_	_	@yad1986m-words#@yad1986m#127.608#127.87
60	ааа	ааа	INTJ	_	_	_	_	_	@yad1986m-words#@yad1986m#129.789#130.102
61	/	/	PUNCT	_	_	_	_	_	@yad1986m-words#@yad1986m#130.102#130.415
62	нуу	нуу	INTJ	_	_	_	_	_	@yad1986m-words#@yad1986m#130.415#130.729
63	подожди	подожди	VERB	_	Aspect=Perf|Mood=Imp|Number=Sing|Person=2|VerbForm=Fin|Voice=Act	_	_	_	@yad1986m-words#@yad1986m#130.96#131.141
64	а	а	CCONJ	_	_	_	_	_	@yad1986m-words#@yad1986m#131.141#131.322
65	изначально	изначально	ADV	_	_	_	_	_	@yad1986m-words#@yad1986m#131.322#131.503
66	это	это	DET	_	Case=Nom|Gender=Neut|Number=Sing	_	_	_	@yad1986m-words#@yad1986m#131.503#131.684
67	видео	видео	NOUN	_	Animacy=Inan|Case=Nom|Gender=Neut|Number=Sing	_	_	_	@yad1986m-words#@yad1986m#131.684#131.865
68	было	быть	VERB	_	Aspect=Imp|Gender=Neut|Mood=Ind|Number=Sing|Tense=Past|VerbForm=Fin|Voice=Act	_	_	_	@yad1986m-words#@yad1986m#131.865#132.046
69	?	?	PUNCT	_	_	_	_	_	@yad1986m-words#@yad1986m#132.046#132.23
70	а	а	CCONJ	_	_	_	_	_	@yad1986m-words#@yad1986m#134.125#134.372
71	/	/	PUNCT	_	_	_	_	_	@yad1986m-words#@yad1986m#134.372#134.619
72	ну	ну	INTJ	_	_	_	_	_	@yad1986m-words#@yad1986m#134.619#134.866
73	да	да	PART	_	_	_	_	_	@yad1986m-words#@yad1986m#134.866#135.113
74	нет	нет	PART	_	_	_	_	_	@yad1986m-words#@yad1986m#135.113#135.36
75	весь	весь	DET	_	Case=Nom|Gender=Masc|Number=Sing	_	_	_	@yad1986m-words#@yad1986m#135.36#135.607
76	/	/	PUNCT	_	_	_	_	_	@yad1986m-words#@yad1986m#135.607#135.854
77	грубо	грубо	ADV	_	Degree=Pos	_	_	_	@yad1986m-words#@yad1986m#135.854#136.101
78	говоря	говорить	VERB	_	Aspect=Imp|Tense=Pres|VerbForm=Conv|Voice=Act	_	_	_	@yad1986m-words#@yad1986m#136.101#136.348
79	/	/	PUNCT	_	_	_	_	_	@yad1986m-words#@yad1986m#136.348#136.595
80	премьера	премьерa	NOUN	_	Animacy=Inan|Case=Nom|Gender=Fem|Number=Sing	_	_	_	@yad1986m-words#@yad1986m#136.595#136.842
81	была	быть	AUX	_	Aspect=Imp|Gender=Fem|Mood=Ind|Number=Sing|Tense=Past|VerbForm=Fin|Voice=Act	_	_	_	@yad1986m-words#@yad1986m#136.842#137.089
82	в	в	ADP	_	_	_	_	_	@yad1986m-words#@yad1986m#137.089#137.336
83	йота-спэйсе	йота-спэйс	PROPN	_	Animacy=Inan|Case=Loc|Gender=Masc|Number=Sing	_	_	_	@yad1986m-words#@yad1986m#137.336#137.59
84	сделать	сделать	VERB	_	Aspect=Perf|VerbForm=Inf|Voice=Act	_	_	_	@yad1986m-words#@yad1986m#138.51#138.787
85	такую	такой	DET	_	Case=Acc|Gender=Fem|Number=Sing	_	_	_	@yad1986m-words#@yad1986m#138.787#139.064
86	постановку	постановка	NOUN	_	Animacy=Inan|Case=Acc|Gender=Fem|Number=Sing	_	_	_	@yad1986m-words#@yad1986m#139.064#139.341
87	в	в	ADP	_	_	_	_	_	@yad1986m-words#@yad1986m#139.341#139.618
88	йота-спэйсе	йота-спэйс	PROPN	_	Animacy=Inan|Case=Loc|Gender=Masc|Number=Sing	_	_	_	@yad1986m-words#@yad1986m#139.618#139.895
89	сколько	сколько	NUM	_	_	_	_	_	@yad1986m-words#@yad1986m#139.895#140.172
90	эт...	этo	PROPN	_	Animacy=Inan|Case=Nom|Gender=Neut|Number=Sing	_	_	_	@yad1986m-words#@yad1986m#140.172#140.45
91	нет	нет	PART	_	_	_	_	_	@yad1986m-words#@yad1986m#141.52#141.72
92	уже	уже	ADV	_	_	_	_	_	@yad1986m-words#@yad1986m#143.329#143.554
93	в	в	ADP	_	_	_	_	_	@yad1986m-words#@yad1986m#143.554#143.779
94	крокусе	крокус	PROPN	_	Animacy=Inan|Case=Loc|Gender=Masc|Number=Sing	_	_	_	@yad1986m-words#@yad1986m#143.779#144.004
95	?	?	PUNCT	_	_	_	_	_	@yad1986m-words#@yad1986m#144.004#144.23
96	а	а	CCONJ	_	_	_	_	_	@yad1986m-words#@yad1986m#145.1#145.294
97	стоять	стоять	VERB	_	Aspect=Imp|VerbForm=Inf|Voice=Act	_	_	_	@yad1986m-words#@yad1986m#145.294#145.488
98	можно	мочь	AUX	_	Aspect=Imp|Mood=Ind|Number=Sing|Tense=Pres|VerbForm=Fin|Voice=Act	_	_	_	@yad1986m-words#@yad1986m#145.488#145.682
99	или	или	CCONJ	_	_	_	_	_	@yad1986m-words#@yad1986m#145.682#145.876
100	только	только	PART	_	_	_	_	_	@yad1986m-words#@yad1986m#145.876#146.07
101	сидеть	сидеть	VERB	_	Aspect=Imp|VerbForm=Inf|Voice=Act	_	_	_	@yad1986m-words#@yad1986m#146.07#146.264
102	?	?	PUNCT	_	_	_	_	_	@yad1986m-words#@yad1986m#146.264#146.46
103	не	не	PART	_	_	_	_	_	@yad1986m-words#@yad1986m#147.39#147.591
104	/	/	PUNCT	_	_	_	_	_	@yad1986m-words#@yad1986m#147.591#147.792
105	если	если	SCONJ	_	_	_	_	_	@yad1986m-words#@yad1986m#147.792#147.993
106	стоять	стоять	VERB	_	Aspect=Imp|VerbForm=Inf|Voice=Act	_	_	_	@yad1986m-words#@yad1986m#147.993#148.194
107	можно	мочь	AUX	_	Aspect=Imp|Mood=Ind|Number=Sing|Tense=Pres|VerbForm=Fin|Voice=Act	_	_	_	@yad1986m-words#@yad1986m#148.194#148.395
108	то	то	PRON	_	Animacy=Inan|Case=Acc|Gender=Neut|Number=Sing	_	_	_	@yad1986m-words#@yad1986m#148.395#148.596
109	приду	прийти	VERB	_	Aspect=Perf|Mood=Ind|Number=Sing|Person=1|Tense=Fut|VerbForm=Fin|Voice=Act	_	_	_	@yad1986m-words#@yad1986m#148.596#148.797
110	/	/	PUNCT	_	_	_	_	_	@yad1986m-words#@yad1986m#148.797#148.998
111	я	я	PRON	_	Case=Nom|Number=Sing|Person=1	_	_	_	@yad1986m-words#@yad1986m#148.998#149.199
112	не	не	PART	_	_	_	_	_	@yad1986m-words#@yad1986m#149.199#149.4
113	представляю	представлять	VERB	_	Aspect=Imp|Mood=Ind|Number=Sing|Person=1|Tense=Pres|VerbForm=Fin|Voice=Act	_	_	_	@yad1986m-words#@yad1986m#149.4#149.601
114	как	как	ADV	_	_	_	_	_	@yad1986m-words#@yad1986m#149.601#149.802
115	можно	мочь	AUX	_	Aspect=Imp|Mood=Ind|Number=Sing|Tense=Pres|VerbForm=Fin|Voice=Act	_	_	_	@yad1986m-words#@yad1986m#149.802#150.003
116	сидеть	сидеть	VERB	_	Aspect=Imp|VerbForm=Inf|Voice=Act	_	_	_	@yad1986m-words#@yad1986m#150.003#150.204
117	в	в	ADP	_	_	_	_	_	@yad1986m-words#@yad1986m#150.204#150.405
118	таких	такой	DET	_	Case=Loc|Number=Plur	_	_	_	@yad1986m-words#@yad1986m#150.405#150.606
119	местах	место	NOUN	_	Animacy=Inan|Case=Loc|Gender=Neut|Number=Plur	_	_	_	@yad1986m-words#@yad1986m#150.606#150.807
120	/	/	PUNCT	_	_	_	_	_	@yad1986m-words#@yad1986m#150.807#151.008
121	да	да	INTJ	_	_	_	_	_	@yad1986m-words#@yad1986m#151.008#151.22
122	сколько	сколько	NUM	_	_	_	_	_	@yad1986m-words#@yad1986m#152.2#152.535
123	это	это	PRON	_	Animacy=Inan|Case=Nom|Gender=Neut|Number=Sing	_	_	_	@yad1986m-words#@yad1986m#152.535#152.87
124	стоило	стоить	VERB	_	Aspect=Imp|Gender=Neut|Mood=Ind|Number=Sing|Tense=Past|VerbForm=Fin|Voice=Act	_	_	_	@yad1986m-words#@yad1986m#152.87#153.205
125	?	?	PUNCT	_	_	_	_	_	@yad1986m-words#@yad1986m#153.205#153.54
126	не	не	PART	_	_	_	_	_	@yad1986m-words#@yad1986m#157.78#157.917
127	/	/	PUNCT	_	_	_	_	_	@yad1986m-words#@yad1986m#157.917#158.054
128	ты	ты	PRON	_	Case=Nom|Number=Sing|Person=2	_	_	_	@yad1986m-words#@yad1986m#158.054#158.191
129	ска...	ска	X	_	_	_	_	_	@yad1986m-words#@yad1986m#158.191#158.329
130	ии	и	CCONJ	_	_	_	_	_	@yad1986m-words#@yad1986m#166.91#167.365
131	ты	ты	PRON	_	Case=Nom|Number=Sing|Person=2	_	_	_	@yad1986m-words#@yad1986m#168.19#168.388
132	пока	пока	ADV	_	_	_	_	_	@yad1986m-words#@yad1986m#168.388#168.586
133	не	не	PART	_	_	_	_	_	@yad1986m-words#@yad1986m#168.586#168.784
134	назвал	назвать	VERB	_	Aspect=Perf|Gender=Masc|Mood=Ind|Number=Sing|Tense=Past|VerbForm=Fin|Voice=Act	_	_	_	@yad1986m-words#@yad1986m#168.784#168.982
135	сумму	сумма	NOUN	_	Animacy=Inan|Case=Acc|Gender=Fem|Number=Sing	_	_	_	@yad1986m-words#@yad1986m#168.982#169.18
136	ага	ага	PART	_	_	_	_	_	@yad1986m-words#@yad1986m#197.86#198.113
137	/	/	PUNCT	_	_	_	_	_	@yad1986m-words#@yad1986m#198.113#198.366
138	ну	ну	INTJ	_	_	_	_	_	@yad1986m-words#@yad1986m#198.366#198.619
139	ии	и	CCONJ	_	_	_	_	_	@yad1986m-words#@yad1986m#198.619#198.872
140	/	/	PUNCT	_	_	_	_	_	@yad1986m-words#@yad1986m#198.872#199.125
141	наскольк...	насколько	ADV	_	_	_	_	_	@yad1986m-words#@yad1986m#199.125#199.38
142	ии	и	CCONJ	_	_	_	_	_	@yad1986m-words#@yad1986m#204.97#205.237
143	/	/	PUNCT	_	_	_	_	_	@yad1986m-words#@yad1986m#205.237#205.504
144	в	в	ADP	_	_	_	_	_	@yad1986m-words#@yad1986m#205.504#205.771
145	общем	общий	ADJ	_	Case=Loc|Gender=Neut|Number=Sing	_	_	_	@yad1986m-words#@yad1986m#205.771#206.038
146	вы	вы	PRON	_	Case=Nom|Number=Plur|Person=2	_	_	_	@yad1986m-words#@yad1986m#206.038#206.305
147	собрали	собрать	VERB	_	Aspect=Perf|Mood=Ind|Number=Plur|Tense=Past|VerbForm=Fin|Voice=Act	_	_	_	@yad1986m-words#@yad1986m#206.305#206.572
148	йоту-спэйс	йота-спэйс	PROPN	_	Animacy=Inan|Case=Loc|Gender=Masc|Number=Sing	_	_	_	@yad1986m-words#@yad1986m#206.572#206.839
149	полностью	полностью	ADV	_	_	_	_	_	@yad1986m-words#@yad1986m#206.839#207.11
150	и	и	CCONJ	_	_	_	_	_	@yad1986m-words#@yad1986m#207.99#208.32
151	отбили	отбить	VERB	_	Aspect=Perf|Mood=Ind|Number=Plur|Tense=Past|VerbForm=Fin|Voice=Act	_	_	_	@yad1986m-words#@yad1986m#208.32#208.65
152	сразу	сразу	ADV	_	_	_	_	_	@yad1986m-words#@yad1986m#208.65#208.98
153	не	не	PART	_	_	_	_	_	@yad1986m-words#@yad1986m#210.079#210.339
154	сразу	сразу	ADV	_	_	_	_	_	@yad1986m-words#@yad1986m#210.339#210.6
155	аа	аа	INTJ	_	_	_	_	_	@yad1986m-words#@yad1986m#213.28#213.503
156	/	/	PUNCT	_	_	_	_	_	@yad1986m-words#@yad1986m#213.503#213.726
157	миллион	миллион	NUM	_	Animacy=Inan|Case=Nom|Gender=Masc|Number=Sing	_	_	_	@yad1986m-words#@yad1986m#213.726#213.949
158	семьсот	семьсот	NUM	_	Animacy=Inan|Case=Nom|Number=Plur	_	_	_	@yad1986m-words#@yad1986m#213.949#214.172
159	только	только	PART	_	_	_	_	_	@yad1986m-words#@yad1986m#214.172#214.395
160	видео	видео	NOUN	_	Animacy=Inan|Case=Nom|Gender=Neut|Number=Sing	_	_	_	@yad1986m-words#@yad1986m#214.395#214.62
161	ну	ну	INTJ	_	_	_	_	_	@yad1986m-words#@yad1986m#223.55#223.787
162	в	в	ADP	_	_	_	_	_	@yad1986m-words#@yad1986m#223.787#224.024
163	итоге	итог	NOUN	_	Animacy=Inan|Case=Loc|Gender=Masc|Number=Sing	_	_	_	@yad1986m-words#@yad1986m#224.024#224.261
164	всё	всё	DET	_	Case=Nom|Gender=Neut|Number=Sing	_	_	_	@yad1986m-words#@yad1986m#224.261#224.498
165	шоу	шоу	NOUN	_	Animacy=Inan|Case=Acc|Gender=Neut|Number=Sing	_	_	_	@yad1986m-words#@yad1986m#224.498#224.735
166	оно	оно	PRON	_	Case=Nom|Gender=Neut|Number=Sing|Person=3	_	_	_	@yad1986m-words#@yad1986m#224.735#224.972
167	миллиона	миллион	NUM	_	Animacy=Inan|Case=Gen|Gender=Masc|Number=Sing	_	_	_	@yad1986m-words#@yad1986m#224.972#225.209
168	три	три	NUM	_	Animacy=Inan|Case=Acc	_	_	_	@yad1986m-words#@yad1986m#225.209#225.446
169	стоило	стоить	VERB	_	Aspect=Imp|Gender=Neut|Mood=Ind|Number=Sing|Tense=Past|VerbForm=Fin|Voice=Act	_	_	_	@yad1986m-words#@yad1986m#225.446#225.69
170	угу	угу	INTJ	_	_	_	_	_	@yad1986m-words#@yad1986m#228.26#228.549
171	/	/	PUNCT	_	_	_	_	_	@yad1986m-words#@yad1986m#228.549#228.838
172	объясни	объяснить	VERB	_	Aspect=Perf|Mood=Imp|Number=Sing|Person=2|VerbForm=Fin|Voice=Act	_	_	_	@yad1986m-words#@yad1986m#228.838#229.127
173	/	/	PUNCT	_	_	_	_	_	@yad1986m-words#@yad1986m#229.127#229.416
174	почему	почему	ADV	_ _	_	_	_	@yad1986m-words#@yad1986m#229.416#229.705
175	/	/	PUNCT	_	_	_	_	_	@yad1986m-words#@yad1986m#229.705#229.994
176	тупой	тупой	ADJ	_	Case=Nom|Degree=Pos|Gender=Masc|Number=Sing	_	_	_	@yad1986m-words#@yad1986m#229.994#230.283
177	вопрос	вопрос NOUN	_	Animacy=Inan|Case=Nom|Gender=Masc|Number=Sing	_	_	_	@yad1986m-words#@yad1986m#230.283#230.572
178	/	/	PUNCT	_	_	_	_	_	@yad1986m-words#@yad1986m#230.572#230.861
179	но	но	CCONJ	_	_	_	_	_	@yad1986m-words#@yad1986m#230.861#231.15
180	тем	то	PRON	_	Animacy=Inan|Case=Ins|Gender=Neut|Number=Sing	_	_	_	@yad1986m-words#@yad1986m#231.15#231.439
181	не	не	PART	_	Polarity=Neg	_	_	_	@yad1986m-words#@yad1986m#231.439#231.728
182	менее	менее	ADV	_	Degree=Cmp	_	_	_	@yad1986m-words#@yad1986m#231.728#232.02
183	прямее	прямо	ADV	_	Degree=Cmp	_	_	_	@yad1986m-words#@yad1986m#232.82#233.144
184	всего	все	PRON	_	Animacy=Inan|Case=Gen|Gender=Neut|Number=Sing	_	_	_	@yad1986m-words#@yad1986m#233.144#233.468
185	/	/	PUNCT	_	_	_	_	_	@yad1986m-words#@yad1986m#233.468#233.792
186	чем	что	PRON	_	Case=Ins	_	_	_	@yad1986m-words#@yad1986m#233.792#234.116
187	тебе	ты	PRON	_	Case=Dat|Number=Sing|Person=2	_	_	_	@yad1986m-words#@yad1986m#234.116#234.44
188	нравится	нравиться	VERB	_	Aspect=Imp|Mood=Ind|Number=Sing|Person=3|Tense=Pres|VerbForm=Fin|Voice=Mid	_	_	_	@yad1986m-words#@yad1986m#234.44#234.764
189	/	/	PUNCT	_	_	_	_	_	@yad1986m-words#@yad1986m#234.764#235.088
190	поэзия	поэзия	NOUN	_	Animacy=Inan|Case=Nom|Gender=Fem|Number=Sing	_	_	_	@yad1986m-words#@yad1986m#235.088#235.412
191	?	?	PUNCT	_	_	_	_	_	@yad1986m-words#@yad1986m#235.412#235.74
192	именно	именно	PART	_	_	_	_	_	@yad1986m-words#@yad1986m#236.62#236.891
193	поэзия	поэзия	NOUN	_	Animacy=Inan|Case=Nom|Gender=Fem|Number=Sing	_	_	_	@yad1986m-words#@yad1986m#236.891#237.162
194	/	/	PUNCT	_	_	_	_	_	@yad1986m-words#@yad1986m#237.162#237.433
195	не	не	PART	_	_	_	_	_	@yad1986m-words#@yad1986m#237.433#237.704
196	в	в	ADP	_	_	_	_	_	@yad1986m-words#@yad1986m#237.704#237.975
197	контексте	контекст	NOUN	_	Animacy=Inan|Case=Loc|Gender=Masc|Number=Sing	_	_	_	@yad1986m-words#@yad1986m#237.975#238.246
198	с	с	ADP	_	_	_	_	_	@yad1986m-words#@yad1986m#238.246#238.517
199	музыкой	музыка	NOUN	_	Animacy=Inan|Case=Ins|Gender=Fem|Number=Sing	_	_	_	@yad1986m-words#@yad1986m#238.517#238.788
200	/	/	PUNCT	_	_	_	_	_	@yad1986m-words#@yad1986m#238.788#239.059
201	а	а	CCONJ	_	_	_	_	_	@yad1986m-words#@yad1986m#239.059#239.33
202	именно	именно	PART	_	_	_	_	_	@yad1986m-words#@yad1986m#239.33#239.601
203	просто	просто	PART	_	_	_	_	_	@yad1986m-words#@yad1986m#239.601#239.872
204	вот	вот	PART	_	_	_	_	_	@yad1986m-words#@yad1986m#239.872#240.143
205	вот	вот	PART	_	_	_	_	_	@yad1986m-words#@yad1986m#240.143#240.414
206	вот	вот	PART	_	_	_	_	_	@yad1986m-words#@yad1986m#240.414#240.685
207	вообще	вообще	ADV	_	_	_	_	_	@yad1986m-words#@yad1986m#240.685#240.97
208	да	да	PART	_	_	_	_	_	@yad1986m-words#@yad1986m#295.153#295.374
209	/	/	PUNCT	_	_	_	_	_	@yad1986m-words#@yad1986m#295.374#295.595
210	что	что	SCONJ	_	_	_	_	_	@yad1986m-words#@yad1986m#295.595#295.816
211	это	это	PRON	_	Animacy=Inan|Case=Nom|Gender=Neut|Number=Sing	_	_	_	@yad1986m-words#@yad1986m#295.816#296.037
212	модно	модный	ADJ	_	Degree=Pos|Gender=Neut|Number=Sing|Variant=Short	_	_	_	@yad1986m-words#@yad1986m#296.037#296.258
213	стильно	стильный	ADJ	_	Degree=Pos|Gender=Neut|Number=Sing|Variant=Short	_	_	_	@yad1986m-words#@yad1986m#296.258#296.479
214	молодёжно	молодёжный	ADJ	_	Degree=Pos|Gender=Neut|Number=Sing|Variant=Short	_	_	_	@yad1986m-words#@yad1986m#296.479#296.704
215	само	сам	ADJ	_	Case=Nom|Degree=Pos|Gender=Neut|Number=Sing	_	_	_	@aap1989m-words#@aap1989m#3.64#4.12
216	я	я	PRON	_	Case=Nom|Number=Sing|Person=1	_	_	_	@aap1989m-words#@aap1989m#5.02#5.255
217	пришёл	прийти	VERB	_	Aspect=Perf|Gender=Masc|Mood=Ind|Number=Sing|Tense=Past|VerbForm=Fin|Voice=Act	_	_	_	@aap1989m-words#@aap1989m#5.255#5.49
218	/	/	PUNCT	_	_	_	_	_	@aap1989m-words#@aap1989m#5.49#5.725
219	за	за	ADP	_	_	_	_	_	@aap1989m-words#@aap1989m#5.725#5.96
220	одну	один	NUM	_	Case=Acc|Gender=Fem	_	_	_	@aap1989m-words#@aap1989m#5.96#6.195
221	ночь	ночь	NOUN	_	Animacy=Inan|Case=Acc|Gender=Fem|Number=Sing	_	_	_	@aap1989m-words#@aap1989m#6.195#6.43
222	написал	написать	VERB	_	Aspect=Perf|Gender=Masc|Mood=Ind|Number=Sing|Tense=Past|VerbForm=Fin|Voice=Act	_	_	_	@aap1989m-words#@aap1989m#6.43#6.665
223	/	/	PUNCT	_	_	_	_	_	@aap1989m-words#@aap1989m#6.665#6.9
224	я	я	PRON	_	Case=Nom|Number=Sing|Person=1	_	_	_	@aap1989m-words#@aap1989m#6.9#7.135
225	помню	помнить	VERB	_	Aspect=Imp|Mood=Ind|Number=Sing|Person=1|Tense=Pres|VerbForm=Fin|Voice=Act	_	_	_	@aap1989m-words#@aap1989m#7.135#7.37
226	этот	этот	DET	_	Case=Acc|Gender=Masc|Number=Sing	_	_	_	@aap1989m-words#@aap1989m#7.37#7.605
227	день	день	NOUN	_	Animacy=Inan|Case=Acc|Gender=Masc|Number=Sing	_	_	_	@aap1989m-words#@aap1989m#7.605#7.85
228	Москва	Москва	PROPN	_	Animacy=Inan|Case=Nom|Gender=Fem|Number=Sing	_	_	_	@aap1989m-words#@aap1989m#11.66#12.12
229	дом	дом	NOUN	_	Animacy=Inan|Case=Nom|Gender=Masc|Number=Sing	_	_	_	@aap1989m-words#@aap1989m#12.12#12.58
230	аа	аа	INTJ	_	_	_	_	_	@aap1989m-words#@aap1989m#13.78#14.053
231	/	/	PUNCT	_	_	_	_	_	@aap1989m-words#@aap1989m#14.053#14.326
232	я	я	PRON	_	Case=Nom|Number=Sing|Person=1	_	_	_	@aap1989m-words#@aap1989m#14.326#14.599
233	был	быть	AUX	_	Aspect=Imp|Gender=Masc|Mood=Ind|Number=Sing|Tense=Past|VerbForm=Fin|Voice=Act	_	_	_	@aap1989m-words#@aap1989m#14.599#14.872
234	один	один	NUM	_	Case=Nom|Gender=Masc	_	_	_	@aap1989m-words#@aap1989m#14.872#15.145
235	дома	дом	NOUN	_	Animacy=Inan|Case=Gen|Gender=Masc|Number=Sing	_	_	_	@aap1989m-words#@aap1989m#15.145#15.418
236	/	/	PUNCT	_	_	_	_	_	@aap1989m-words#@aap1989m#15.418#15.691
237	ааа	ааа	INTJ	_	_	_	_	_	@aap1989m-words#@aap1989m#15.691#15.964
238	Ира	Ира	PROPN	_	Animacy=Anim|Case=Nom|Gender=Fem|Number=Sing	_	_	_	@aap1989m-words#@aap1989m#15.964#16.237
239	была	быть	AUX	_	Aspect=Imp|Gender=Fem|Mood=Ind|Number=Sing|Tense=Past|VerbForm=Fin|Voice=Act	_	_	_	@aap1989m-words#@aap1989m#16.237#16.51
240	на	на	ADP	_	_	_	_	_	@aap1989m-words#@aap1989m#16.51#16.783
241	съёмках	съёмка	NOUN	_	Animacy=Inan|Case=Loc|Gender=Fem|Number=Plur	_	_	_	@aap1989m-words#@aap1989m#16.783#17.056
242	/	/	PUNCT	_	_	_	_	_	@aap1989m-words#@aap1989m#17.056#17.329
243	в	в	ADP	_	_	_	_	_	@aap1989m-words#@aap1989m#17.329#17.602
244	другом	другой	ADJ	_	Case=Loc|Degree=Pos|Gender=Masc|Number=Sing	_	_	_	@aap1989m-words#@aap1989m#17.602#17.875
245	городе	город	NOUN	_	Animacy=Inan|Case=Loc|Gender=Masc|Number=Sing	_	_	_	@aap1989m-words#@aap1989m#17.875#18.148
246	/	/	PUNCT	_	_	_	_	_	@aap1989m-words#@aap1989m#18.148#18.421
247	ии	и	CCONJ	_	_	_	_	_	@aap1989m-words#@aap1989m#18.421#18.694
248	я	я	PRON	_	Case=Nom|Number=Sing|Person=1	_	_	_	@aap1989m-words#@aap1989m#18.694#18.967
249	шёл	идти	VERB	_	Aspect=Imp|Gender=Masc|Mood=Ind|Number=Sing|Tense=Past|VerbForm=Fin|Voice=Act _	_	_	@aap1989m-words#@aap1989m#18.967#19.24
250	/	/	PUNCT	_	_	_	_	_	@aap1989m-words#@aap1989m#19.24#19.513
251	у	у	ADP	_	_	_	_	_	@aap1989m-words#@aap1989m#19.513#19.786
252	меня	я	PRON	_	Case=Gen|Number=Sing|Person=1	_	_	_	@aap1989m-words#@aap1989m#19.786#20.059
253	была	быть	AUX	_	Aspect=Imp|Gender=Fem|Mood=Ind|Number=Sing|Tense=Past|VerbForm=Fin|Voice=Act	_	_	_	@aap1989m-words#@aap1989m#20.059#20.332
254	по-моему	по-моему	ADV	_	_	_	_	_	@aap1989m-words#@aap1989m#20.332#20.605
255	смена	смена	NOUN	_	Animacy=Inan|Case=Nom|Gender=Fem|Number=Sing	_	_	_	@aap1989m-words#@aap1989m#20.605#20.878
256	/	/	PUNCT	_	_	_	_	_	@aap1989m-words#@aap1989m#20.878#21.151
257	я	я	PRON	_	Case=Nom|Number=Sing|Person=1	_	_	_	@aap1989m-words#@aap1989m#21.151#21.424
258	снимался	сниматься	VERB	_	Aspect=Imp|Gender=Masc|Mood=Ind|Number=Sing|Tense=Past|VerbForm=Fin|Voice=Mid	_	_	_	@aap1989m-words#@aap1989m#21.424#21.697
259	/	/	PUNCT	_	_	_	_	_	@aap1989m-words#@aap1989m#21.697#21.97
260	потом	потом	ADV	_	_	_	_	_	@aap1989m-words#@aap1989m#21.97#22.243
261	вечером	вечер	NOUN	_	Animacy=Inan|Case=Ins|Gender=Masc|Number=Sing	_	_	_	@aap1989m-words#@aap1989m#22.243#22.516
262	пошёл	пойти	VERB	_	Aspect=Perf|Gender=Masc|Mood=Ind|Number=Sing|Tense=Past|VerbForm=Fin|Voice=Act	_	_	_	@aap1989m-words#@aap1989m#22.516#22.789
263	на	на	ADP	_	_	_	_	_	@aap1989m-words#@aap1989m#22.789#23.062
264	Патрики	Патрики	PROPN	_	Animacy=Inan|Case=Acc|Number=Plur	_	_	_	@aap1989m-words#@aap1989m#23.062#23.335
265	/	/	PUNCT	_	_	_	_	_	@aap1989m-words#@aap1989m#23.335#23.608
266	походил	походить	VERB	_	Aspect=Perf|Gender=Masc|Mood=Ind|Number=Sing|Tense=Past|VerbForm=Fin|Voice=Act	_	_	_	@aap1989m-words#@aap1989m#23.608#23.881
267	погулял	гулять	VERB	_	Aspect=Perf|Gender=Masc|Mood=Ind|Number=Sing|Tense=Past|VerbForm=Fin|Voice=Act	_	_	_	@aap1989m-words#@aap1989m#23.881#24.154
268	меня	я	PRON	_	Case=Acc|Number=Sing|Person=1	_	_	_	@aap1989m-words#@aap1989m#24.154#24.427
269	[нрзб]	[нрзб]	X	_	_	_	_	_	@aap1989m-words#@aap1989m#24.427#24.7
270	то	то	PRON	_	Animacy=Inan|Case=Nom|Gender=Neut|Number=Sing	_	_	_	@aap1989m-words#@aap1989m#24.7#24.973
271	есть	быть	AUX	_	Aspect=Imp|Mood=Ind|Number=Sing|Person=3|Tense=Pres|VerbForm=Fin|Voice=Act	_	_	_	@aap1989m-words#@aap1989m#24.973#25.246
272	я	я	PRON	_	Case=Nom|Number=Sing|Person=1	_	_	_	@aap1989m-words#@aap1989m#25.246#25.519
273	понимал	понимать	VERB	_	Aspect=Imp|Gender=Masc|Mood=Ind|Number=Sing|Tense=Past|VerbForm=Fin|Voice=Act	_	_	_	@aap1989m-words#@aap1989m#25.519#25.792
274	что	что	SCONJ	_	_	_	_	_	@aap1989m-words#@aap1989m#25.792#26.065
275	оно	оно	PRON	_	Case=Nom|Gender=Neut|Number=Sing|Person=3	_	_	_	@aap1989m-words#@aap1989m#26.065#26.338
276	где-то	где-то	ADV	_	_	_	_	_	@aap1989m-words#@aap1989m#26.338#26.611
277	вот	вот	PART	_	_	_	_	_	@aap1989m-words#@aap1989m#26.611#26.884
278	рядом	рядом	ADV	_	_	_	_	_	@aap1989m-words#@aap1989m#26.884#27.157
279	его	он	PRON	_	Case=Acc|Gender=Masc|Number=Sing|Person=3	_	_	_	@aap1989m-words#@aap1989m#27.157#27.43
280	просто	просто	PART	_	_	_	_	_	@aap1989m-words#@aap1989m#27.43#27.703
281	надо	надо	AUX	_	_	_	_	_	@aap1989m-words#@aap1989m#27.703#27.976
282	забрать	забрать	VERB	_	Aspect=Perf|VerbForm=Inf|Voice=Act	_	_	_	@aap1989m-words#@aap1989m#27.976#28.249
283	/	/	PUNCT	_	_	_	_	_	@aap1989m-words#@aap1989m#28.249#28.522
284	перенести	перенести	VERB	_	Aspect=Perf|VerbForm=Inf|Voice=Act	_	_	_	@aap1989m-words#@aap1989m#28.522#28.795
285	на	на	ADP	_	_	_	_	_	@aap1989m-words#@aap1989m#28.795#29.068
286	бумагу	бумага	NOUN	_	Animacy=Inan|Case=Acc|Gender=Fem|Number=Sing	_	_	_	@aap1989m-words#@aap1989m#29.068#29.341
287	/	/	PUNCT	_	_	_	_	_	@aap1989m-words#@aap1989m#29.341#29.614
288	всё	всё	PART	_	_	_	_	_	@aap1989m-words#@aap1989m#29.614#29.887
289	больше	много	ADV	_	Degree=Cmp	_	_	_	@aap1989m-words#@aap1989m#29.887#30.16
290	нич...	нич	X	_	_	_	_	_	@aap1989m-words#@aap1989m#30.16#30.433
291	ну	ну	INTJ	_	_	_	_	_	@aap1989m-words#@aap1989m#30.433#30.706
292	или	или	CCONJ	_	_	_	_	_	@aap1989m-words#@aap1989m#30.706#30.979
293	там	там	ADV	_	_	_	_	_	@aap1989m-words#@aap1989m#30.979#31.252
294	на	на	ADP	_	_	_	_	_	@aap1989m-words#@aap1989m#31.252#31.525
295	компьютер	компьютер	NOUN	_	Animacy=Inan|Case=Acc|Gender=Masc|Number=Sing	_	_	_	@aap1989m-words#@aap1989m#31.525#31.798
296	/	/	PUNCT	_	_	_	_	_	@aap1989m-words#@aap1989m#31.798#32.071
297	больше	много	ADV	_	Degree=Cmp	_	_	_	@aap1989m-words#@aap1989m#32.071#32.344
298	ничего	ничто	PRON	_	Case=Gen	_	_	_	@aap1989m-words#@aap1989m#32.344#32.617
299	делать	делать	VERB	_	Aspect=Imp|VerbForm=Inf|Voice=Act	_	_	_	@aap1989m-words#@aap1989m#32.617#32.89
300	не	не	PART	_	_	_	_	_	@aap1989m-words#@aap1989m#32.89#33.163
301	надо	надо	AUX	_	_	_	_	_	@aap1989m-words#@aap1989m#33.163#33.436
302	/	/	PUNCT	_	_	_	_	_	@aap1989m-words#@aap1989m#33.436#33.709
303	и	и	CCONJ	_	_	_	_	_	@aap1989m-words#@aap1989m#33.709#33.982
304	я	я	PRON	_	Case=Nom|Number=Sing|Person=1	_	_	_	@aap1989m-words#@aap1989m#33.982#34.255
305	понимал	понимать	VERB	_	Aspect=Imp|Gender=Masc|Mood=Ind|Number=Sing|Tense=Past|VerbForm=Fin|Voice=Act	_	_	_	@aap1989m-words#@aap1989m#34.255#34.528
306	что	что	SCONJ	_	_	_	_	_	@aap1989m-words#@aap1989m#34.528#34.801
307	если	если	SCONJ	_	_	_	_	_	@aap1989m-words#@aap1989m#34.801#35.074
308	я	я	PRON	_	Case=Nom|Number=Sing|Person=1	_	_	_	@aap1989m-words#@aap1989m#35.074#35.347
309	буду	быть	AUX	_	Aspect=Imp|Mood=Ind|Number=Sing|Person=1|Tense=Pres|VerbForm=Fin|Voice=Act	_	_	_	@aap1989m-words#@aap1989m#35.347#35.62
310	его	он	PRON	_	Case=Acc|Gender=Masc|Number=Sing|Person=3	_	_	_	@aap1989m-words#@aap1989m#35.62#35.893
311	специально	специально	ADV	_	_	_	_	_	@aap1989m-words#@aap1989m#35.893#36.166
312	где-то	где-то	ADV	_	_	_	_	_	@aap1989m-words#@aap1989m#36.166#36.439
313	/	/	PUNCT	_	_	_	_	_	@aap1989m-words#@aap1989m#36.439#36.712
314	а	а	CCONJ	_	_	_	_	_	@aap1989m-words#@aap1989m#36.712#36.985
315	ждать	ждать	VERB	_	Aspect=Imp|VerbForm=Inf|Voice=Act	_	_	_	@aap1989m-words#@aap1989m#36.985#37.258
316	/	/	PUNCT	_	_	_	_	_	@aap1989m-words#@aap1989m#37.258#37.531
317	но	но	CCONJ	_	_	_	_	_	@aap1989m-words#@aap1989m#37.531#37.804
318	я	я	PRON	_	Case=Nom|Number=Sing|Person=1	_	_	_	@aap1989m-words#@aap1989m#37.804#38.077
319	про	про	ADP	_	_	_	_	_	@aap1989m-words#@aap1989m#38.077#38.35
320	него	он	PRON	_	Case=Acc|Gender=Masc|Number=Sing|Person=3	_	_	_	@aap1989m-words#@aap1989m#38.35#38.623
321	забыл	забыть	VERB	_	Aspect=Perf|Gender=Masc|Mood=Ind|Number=Sing|Tense=Past|VerbForm=Fin|Voice=Act	_	_	_	@aap1989m-words#@aap1989m#38.623#38.896
322	совершенно	совершенно	ADV	_	_	_	_	_	@aap1989m-words#@aap1989m#38.896#39.169
323	/	/	PUNCT	_	_	_	_	_	@aap1989m-words#@aap1989m#39.169#39.442
324	м	м	INTJ	_	_ _	_	_	@aap1989m-words#@aap1989m#39.442#39.715
325	потому	потому	ADV	_	_	_	_	_	@aap1989m-words#@aap1989m#39.715#39.988
326	что	что	SCONJ	_	_	_	_	_	@aap1989m-words#@aap1989m#39.988#40.261
327	ко	к	ADP	_	_	_	_	_	@aap1989m-words#@aap1989m#40.261#40.534
328	мне	я	PRON	_	Case=Dat|Number=Sing|Person=1	_	_	_	@aap1989m-words#@aap1989m#40.534#40.807
329	постоянно	постоянно	ADV	_	_	_	_	_	@aap1989m-words#@aap1989m#40.807#41.08
330	/	/	PUNCT	_	_	_	_	_	@aap1989m-words#@aap1989m#41.08#41.353
331	звонила	звонить	VERB	_	Aspect=Perf|Gender=Fem|Mood=Ind|Number=Sing|Tense=Past|VerbForm=Fin|Voice=Act	_	_	_	@aap1989m-words#@aap1989m#41.353#41.626
332	приходила	приходить	VERB	_	Aspect=Perf|Gender=Fem|Mood=Ind|Number=Sing|Tense=Past|VerbForm=Fin|Voice=Act	_	_	_	@aap1989m-words#@aap1989m#41.626#41.899
333	/	/	PUNCT	_	_	_	_	_	@aap1989m-words#@aap1989m#41.899#42.172
334	надоедала	надоедать	VERB	_	Aspect=Perf|Gender=Fem|Mood=Ind|Number=Sing|Tense=Past|VerbForm=Fin|Voice=Act	_	_	_	@aap1989m-words#@aap1989m#42.172#42.445
335	мне	я	PRON	_	Case=Dat|Number=Sing|Person=1	_	_	_	@aap1989m-words#@aap1989m#42.445#42.718
336	продюсер	продюсер	NOUN	_	Animacy=Anim|Case=Nom|Gender=Masc|Number=Sing	_	_	_	@aap1989m-words#@aap1989m#42.718#42.991
337	/	/	PUNCT	_	_	_	_	_	@aap1989m-words#@aap1989m#42.991#43.264
338	заново	заново	ADV	_	_	_	_	_	@aap1989m-words#@aap1989m#43.264#43.537
339	родиться	рождаться	VERB	_	Aspect=Perf|VerbForm=Inf|Voice=Mid	_	_	_	@aap1989m-words#@aap1989m#43.537#43.81
340	Анастасия	Анастасия	PROPN	_	Animacy=Anim|Case=Nom|Gender=Fem|Number=Sing	_	_	_	@aap1989m-words#@aap1989m#43.81#44.083
341	Сайфулина	Сайфулина	PROPN	_	Animacy=Anim|Case=Nom|Gender=Fem|Number=Sing	_	_	_	@aap1989m-words#@aap1989m#44.083#44.356
342	которая	который	PRON	_	Case=Nom	_	_	_	@aap1989m-words#@aap1989m#44.356#44.629
343	меня	я	PRON	_	Case=Acc|Number=Sing|Person=1	_	_	_	@aap1989m-words#@aap1989m#44.629#44.902
344	подгоняла	подгонять	VERB	_	Aspect=Imp|Gender=Fem|Mood=Ind|Number=Sing|Tense=Past|VerbForm=Fin|Voice=Act	_	_	_	@aap1989m-words#@aap1989m#44.902#45.175
345	и	и	CCONJ	_	_	_	_	_	@aap1989m-words#@aap1989m#45.175#45.448
346	говорила	говорить	VERB	_	Aspect=Imp|Gender=Fem|Mood=Ind|Number=Sing|Tense=Past|VerbForm=Fin|Voice=Act	_	_	_	@aap1989m-words#@aap1989m#45.448#45.721
347	Саня	Саня	PROPN	_	Animacy=Anim|Case=Nom|Gender=Masc|Number=Sing	_	_	_	@aap1989m-words#@aap1989m#45.721#45.994
348	ну	ну	INTJ	_	_	_	_	_	@aap1989m-words#@aap1989m#45.994#46.267
349	давай	давать	VERB	_	Aspect=Imp|Mood=Imp|Number=Sing|Person=2|VerbForm=Fin|Voice=Act	_	_	_	@aap1989m-words#@aap1989m#46.267#46.54
350	рожай	рожать	VERB	_	Aspect=Imp|Mood=Imp|Number=Sing|Person=2|VerbForm=Fin|Voice=Act	_	_	_	@aap1989m-words#@aap1989m#46.54#46.813
351	уже	уже	ADV	_	_	_	_	_	@aap1989m-words#@aap1989m#46.813#47.086
352	что-то	что-то	PRON	_	Case=Acc	_	_	_	@aap1989m-words#@aap1989m#47.086#47.359
353	/	/	PUNCT	_	_	_	_	_	@aap1989m-words#@aap1989m#47.359#47.632
354	/	/	PUNCT	_	_	_	_	_	@aap1989m-words#@aap1989m#47.905#48.178
355	уже	уже	ADV	_	_	_	_	_	@aap1989m-words#@aap1989m#48.178#48.451
356	время	время	NOUN	_	Animacy=Inan|Case=Nom|Gender=Neut|Number=Sing	_	_	_	@aap1989m-words#@aap1989m#48.451#48.724
357	/	/	PUNCT	_	_	_	_	_	@aap1989m-words#@aap1989m#48.724#48.997
358	уже	уже	ADV	_	_	_	_	_	@aap1989m-words#@aap1989m#48.997#49.27
359	там	там	ADV	_	_	_	_	_	@aap1989m-words#@aap1989m#49.27#49.543
360	/	/	PUNCT	_	_	_	_	_	@aap1989m-words#@aap1989m#49.543#49.816
361	не	не	PART	_	_	_	_	_	@aap1989m-words#@aap1989m#49.816#50.089
362	будет	быть	AUX	_	Aspect=Imp|Mood=Ind|Number=Sing|Person=3|Tense=Pres|VerbForm=Fin|Voice=Act	_	_	_	@aap1989m-words#@aap1989m#50.089#50.362
363	ни	ни	PART	_	_	_	_	_	@aap1989m-words#@aap1989m#50.362#50.635
364	в	в	ADP	_	_	_	_	_	@aap1989m-words#@aap1989m#50.635#50.908
365	одних	один	DET	_	Case=Loc|Number=Plur	_	_	_	@aap1989m-words#@aap1989m#50.908#51.181
366	заведениях	заведение	NOUN	_	Animacy=Inan|Case=Loc|Gender=Neut|Number=Plur	_	_	_	@aap1989m-words#@aap1989m#51.181#51.454
367	и	и	CCONJ	_	_	_	_	_	@aap1989m-words#@aap1989m#51.454#51.727
368	больших	большой	ADJ	_	Case=Loc|Degree=Pos|Number=Plur	_	_	_	@aap1989m-words#@aap1989m#51.727#52.0
369	концертных	концертный	ADJ	_	Case=Loc|Degree=Pos|Number=Plur	_	_	_	@aap1989m-words#@aap1989m#52.0#52.273
370	залах	зал	NOUN	_	Animacy=Inan|Case=Loc|Gender=Masc|Number=Plur	_	_	_	@aap1989m-words#@aap1989m#52.273#52.546
371	ничего	ничто	PRON	_	Case=Gen	_	_	_	@aap1989m-words#@aap1989m#52.546#52.819
372	не	не	PART	_	_	_	_	_	@aap1989m-words#@aap1989m#52.819#53.092
373	останется	остаться	VERB	_	Aspect=Perf|Mood=Ind|Number=Sing|Person=3|Tense=Fut|VerbForm=Fin|Voice=Mid	_	_	_	@aap1989m-words#@aap1989m#53.092#53.365
374	[нрзб]	[нрзб]	X	_	_	_	_	_	@aap1989m-words#@aap1989m#53.365#53.638
375	трудно	трудный	ADV	_	Degree=Pos _	_	_	@aap1989m-words#@aap1989m#53.638#53.911
376	будет	быть	AUX	_	Aspect=Imp|Mood=Ind|Number=Sing|Person=3|Tense=Pres|VerbForm=Fin|Voice=Act	_	_	_	@aap1989m-words#@aap1989m#53.911#54.184
377	договориться	договориться	VERB	_	Aspect=Perf|VerbForm=Inf|Voice=Mid	_	_	_	@aap1989m-words#@aap1989m#54.184#54.457
378	там	там	ADV	_	_	_	_	_	@aap1989m-words#@aap1989m#54.457#54.73
379	и	и	CCONJ	_	_	_	_	_	@aap1989m-words#@aap1989m#54.73#55.003
380	так	так	ADV	_	_	_	_	_	@aap1989m-words#@aap1989m#55.003#55.276
381	далее	далее	ADV	_	_	_	_	_	@aap1989m-words#@aap1989m#55.276#55.549
382	и	и	CCONJ	_	_	_	_	_	@aap1989m-words#@aap1989m#55.549#55.822
383	так	так	ADV	_	_	_	_	_	@aap1989m-words#@aap1989m#55.822#56.095
384	далее	далее	ADV	_	_	_	_	_	@aap1989m-words#@aap1989m#56.095#56.368
385	ну	ну	INTJ	_	_	_	_	_	@aap1989m-words#@aap1989m#56.368#56.641
386	со	с	ADP	_	_	_	_	_	@aap1989m-words#@aap1989m#56.641#56.914
387	своей	свой	DET	_	Case=Gen|Gender=Fem|Number=Sing	_	_	_	@aap1989m-words#@aap1989m#56.914#57.187
388	точки	точка	NOUN	_	Animacy=Inan|Case=Gen|Gender=Fem|Number=Sing	_	_	_	@aap1989m-words#@aap1989m#57.187#57.46
389	зрения	зрение	NOUN	_	Animacy=Inan|Case=Gen|Gender=Neut|Number=Sing	_	_	_	@aap1989m-words#@aap1989m#57.46#57.733
390	она	она	PRON	_	Case=Nom|Gender=Fem|Number=Sing|Person=3	_	_	_	@aap1989m-words#@aap1989m#57.733#58.006
391	правильно	правильно	ADV	_	Degree=Pos	_	_	_	@aap1989m-words#@aap1989m#58.006#58.279
392	всё	всё	PRON	_	Animacy=Inan|Case=Acc|Gender=Neut|Number=Sing	_	_	_	@aap1989m-words#@aap1989m#58.279#58.552
393	делала	делать	VERB	_	Aspect=Imp|Gender=Fem|Mood=Ind|Number=Sing|Tense=Past|VerbForm=Fin|Voice=Act	_	_	_	@aap1989m-words#@aap1989m#58.552#58.825
394	вот	вот	PART	_	_	_	_	_	@aap1989m-words#@aap1989m#58.825#59.098
395	/	/	PUNCT	_	_	_	_	_	@aap1989m-words#@aap1989m#59.098#59.371
396	аа	аа	X	_	_	_	_	_	@aap1989m-words#@aap1989m#59.371#59.68
397	и	и	CCONJ	_	_	_	_	_	@aap1989m-words#@aap1989m#60.63#60.883
398	я	я	PRON	_	Case=Nom|Number=Sing|Person=1	_	_	_	@aap1989m-words#@aap1989m#60.883#61.136
399	говорю	говорить	VERB	_	Aspect=Imp|Mood=Ind|Number=Sing|Person=1|Tense=Pres|VerbForm=Fin|Voice=Act	_	_	_	@aap1989m-words#@aap1989m#61.136#61.389
400	да	да	PART	_	_	_	_	_	@aap1989m-words#@aap1989m#61.389#61.642
401	да	да	PART	_	_	_	_	_	@aap1989m-words#@aap1989m#61.642#61.895
402	да	да	PART	_	_	_	_	_	@aap1989m-words#@aap1989m#61.895#62.148
403	да	да	PART	_	_	_	_	_	@aap1989m-words#@aap1989m#62.148#62.401
404	да	да	PART	_	_	_	_	_	@aap1989m-words#@aap1989m#62.401#62.654
405	да	да	PART	_	_	_	_	_	@aap1989m-words#@aap1989m#62.654#62.907
406	да	да	PART	_	_	_	_	_	@aap1989m-words#@aap1989m#62.907#63.16
407	/	/	PUNCT	_	_	_	_	_	@aap1989m-words#@aap1989m#63.16#63.413
408	она	она	PRON	_	Case=Nom|Gender=Fem|Number=Sing|Person=3	_	_	_	@aap1989m-words#@aap1989m#63.413#63.666
409	наверно	наверно	ADV	_	_	_	_	_	@aap1989m-words#@aap1989m#63.666#63.919
410	подумала	подумать	VERB	_	Aspect=Perf|Gender=Fem|Mood=Ind|Number=Sing|Tense=Past|VerbForm=Fin|Voice=Act	_	_	_	@aap1989m-words#@aap1989m#63.919#64.172
411	что	что	SCONJ	_	_	_	_	_	@aap1989m-words#@aap1989m#64.172#64.425
412	я	я	PRON	_	Case=Nom|Number=Sing|Person=1	_	_	_	@aap1989m-words#@aap1989m#64.425#64.678
413	какой-то	какой-то	DET	_	Case=Ins|Gender=Masc|Number=Sing	_	_	_	@aap1989m-words#@aap1989m#64.678#64.931
414	такой	такой	DET	_	Case=Ins|Gender=Masc|Number=Sing	_	_	_	@aap1989m-words#@aap1989m#64.931#65.184
415	/	/	PUNCT	_	_	_	_	_	@aap1989m-words#@aap1989m#65.184#65.437
416	раздолбай	раздолбай	NOUN	_	Animacy=Anim|Case=Nom|Gender=Masc|Number=Sing	_	_	_	@aap1989m-words#@aap1989m#65.437#65.69
417	/	/	PUNCT	_	_	_	_	_	@aap1989m-words#@aap1989m#65.69#65.943
418	который	который	PRON	_	_	_	_	_	@aap1989m-words#@aap1989m#65.943#66.196
419	просто	просто	PART	_	_	_	_	_	@aap1989m-words#@aap1989m#66.196#66.449
420	забил	забить	VERB	_	Aspect=Perf|Gender=Masc|Mood=Ind|Number=Sing|Tense=Past|VerbForm=Fin|Voice=Act	_	_	_	@aap1989m-words#@aap1989m#66.449#66.702
421	на	на	ADP	_	_	_	_	_	@aap1989m-words#@aap1989m#66.702#66.955
422	это	это	PRON	_	Animacy=Inan|Case=Acc|Gender=Neut|Number=Sing	_	_	_	@aap1989m-words#@aap1989m#66.955#67.208
423	/	/	PUNCT	_	_	_	_	_	@aap1989m-words#@aap1989m#67.208#67.461
424	положил	положить	VERB	_	Aspect=Perf|Gender=Masc|Mood=Ind|Number=Sing|Tense=Past|VerbForm=Fin|Voice=Act	_	_	_	@aap1989m-words#@aap1989m#67.461#67.714
425	на	на	ADP	_	_	_	_	_	@aap1989m-words#@aap1989m#67.714#67.967
426	это	это	PRON	_	Animacy=Inan|Case=Acc|Gender=Neut|Number=Sing	_	_	_	@aap1989m-words#@aap1989m#67.967#68.22
427	большой	большой	ADJ	_	Animacy=Inan|Case=Acc|Degree=Pos|Gender=Masc|Number=Sing	_	_	_	@aap1989m-words#@aap1989m#68.22#68.473
428	болт	болт	NOUN	_	Animacy=Inan|Case=Acc|Gender=Masc|Number=Sing	_	_	_	@aap1989m-words#@aap1989m#68.473#68.726
429	и	и	CCONJ	_	_	_	_	_	@aap1989m-words#@aap1989m#68.726#68.979
430	вообще	вообще	ADV	_	_	_	_	_	@aap1989m-words#@aap1989m#68.979#69.232
431	не	не	PART	_	_	_	_	_	@aap1989m-words#@aap1989m#69.232#69.485
432	понимает	понимать	VERB	_	Aspect=Imp|Mood=Ind|Number=Sing|Person=3|Tense=Pres|VerbForm=Fin|Voice=Act	_	_	_	@aap1989m-words#@aap1989m#69.485#69.738
433	/	/	PUNCT	_	_	_	_	_	@aap1989m-words#@aap1989m#69.738#69.991
434	зачем	зачем	ADV	_	_	_	_	_	@aap1989m-words#@aap1989m#69.991#70.244
435	ему	он	PRON	_	Case=Dat|Gender=Masc|Number=Sing|Person=3	_	_	_	@aap1989m-words#@aap1989m#70.244#70.497
436	это	это	PRON	_	Animacy=Inan|Case=Nom|Gender=Neut|Number=Sing	_	_	_	@aap1989m-words#@aap1989m#70.497#70.75
437	и	и	CCONJ	_	_	_	_	_	@aap1989m-words#@aap1989m#70.75#71.003
438	для	для	ADP	_	_	_	_	_	@aap1989m-words#@aap1989m#71.003#71.256
439	чего	что	PRON	_	Case=Gen	_	_	_	@aap1989m-words#@aap1989m#71.256#71.509
440	/	/	PUNCT	_	_	_	_	_	@aap1989m-words#@aap1989m#71.509#71.762
441	может	мочь	AUX	_	Aspect=Imp|Mood=Ind|Number=Sing|Person=3|Tense=Pres|VerbForm=Fin|Voice=Act	_	_	_	@aap1989m-words#@aap1989m#71.762#72.015
442	быть	быть	AUX	_	Aspect=Imp|VerbForm=Inf|Voice=Act	_	_	_	@aap1989m-words#@aap1989m#72.015#72.268
443	когда-нибудь	когда-нибудь	ADV	_	_	_	_	_	@aap1989m-words#@aap1989m#72.268#72.521
444	там	там	ADV	_	_	_	_	_	@aap1989m-words#@aap1989m#72.521#72.774
445	родит	родить	VERB	_	Aspect=Perf|Mood=Ind|Number=Sing|Person=3|Tense=Pres|VerbForm=Fin|Voice=Act	_	_	_	@aap1989m-words#@aap1989m#72.774#73.027
446	/	/	PUNCT	_	_	_	_	_	@aap1989m-words#@aap1989m#73.027#73.28
447	а	а	CCONJ	_	_	_	_	_	@aap1989m-words#@aap1989m#73.28#73.533
448	дальше	далеко	ADV	_	Degree=Cmp	_	_	_	@aap1989m-words#@aap1989m#73.533#73.786
449	посмотрим	посмотреть	VERB	_	Aspect=Perf|Mood=Ind|Number=Plur|Person=1|Tense=Fut|VerbForm=Fin|Voice=Act	_	_	_	@aap1989m-words#@aap1989m#73.786#74.039
450	/	/	PUNCT	_	_	_	_	_	@aap1989m-words#@aap1989m#74.039#74.292
451	ии	и CCONJ	_	_	_	_	_	@aap1989m-words#@aap1989m#74.292#74.545
452	/	/	PUNCT	_	_	_	_	_	@aap1989m-words#@aap1989m#74.545#74.798
453	а	а	INTJ	_	_	_	_	_	@aap1989m-words#@aap1989m#74.798#75.051
454	/	/	PUNCT	_	_	_	_	_	@aap1989m-words#@aap1989m#75.051#75.304
455	я	я	PRON	_	Case=Nom|Number=Sing|Person=1	_	_	_	@aap1989m-words#@aap1989m#75.304#75.557
456	пришёл	прийти	VERB	_	Aspect=Perf|Gender=Masc|Mood=Ind|Number=Sing|Tense=Past|VerbForm=Fin|Voice=Act	_	_	_	@aap1989m-words#@aap1989m#75.557#75.81
457	там	там	ADV	_	_	_	_	_	@aap1989m-words#@aap1989m#75.81#76.063
458	поужинал	поужинать	VERB	_	Aspect=Perf|Gender=Masc|Mood=Ind|Number=Sing|Tense=Past|VerbForm=Fin|Voice=Act	_	_	_	@aap1989m-words#@aap1989m#76.063#76.316
459	в	в	ADP	_	_	_	_	_	@aap1989m-words#@aap1989m#76.316#76.569
460	кафешке	кафешка	NOUN	_	Animacy=Inan|Case=Loc|Gender=Fem|Number=Sing	_	_	_	@aap1989m-words#@aap1989m#76.569#76.822
461	/	/	PUNCT	_	_	_	_	_	@aap1989m-words#@aap1989m#76.822#77.075
462	ничего	ничто	PRON	_	Case=Gen	_	_	_	@aap1989m-words#@aap1989m#77.075#77.328
463	что	что	SCONJ	_	_	_	_	_	@aap1989m-words#@aap1989m#77.328#77.581
464	так	так	ADV	_	_	_	_	_	@aap1989m-words#@aap1989m#77.581#77.834
465	подробно	подробно	ADV	_	Degree=Pos	_	_	_	@aap1989m-words#@aap1989m#77.834#78.087
466	?	?	PUNCT	_	_	_	_	_	@aap1989m-words#@aap1989m#78.087#78.34
467	или	или	CCONJ	_	_	_	_	_	@aap1989m-words#@aap1989m#78.34#78.593
468	тебе	ты	PRON	_	Case=Dat|Number=Sing|Person=2	_	_	_	@aap1989m-words#@aap1989m#78.593#78.846
469	[нрзб]	[нрзб]	X	_	_	_	_	_	@aap1989m-words#@aap1989m#78.846#79.12
470	я	я	PRON	_	Case=Nom|Number=Sing|Person=1	_	_	_	@aap1989m-words#@aap1989m#85.21#85.616
471	не	не	PART	_	_	_	_	_	@aap1989m-words#@aap1989m#85.616#86.022
472	помню	помнить	VERB	_	Aspect=Imp|Mood=Ind|Number=Sing|Person=1|Tense=Pres|VerbForm=Fin|Voice=Act	_	_	_	@aap1989m-words#@aap1989m#86.022#86.428
473	что	что	SCONJ	_	_	_	_	_	@aap1989m-words#@aap1989m#86.428#86.834
474	я	я	PRON	_	Case=Nom|Number=Sing|Person=1	_	_	_	@aap1989m-words#@aap1989m#86.834#87.24
475	ел	есть	VERB	_	Aspect=Imp|Gender=Masc|Mood=Ind|Number=Sing|Tense=Past|VerbForm=Fin|Voice=Act	_	_	_	@aap1989m-words#@aap1989m#87.24#87.646
476	/	/	PUNCT	_	_	_	_	_	@aap1989m-words#@aap1989m#87.646#88.052
477	а	а	CCONJ	_	_	_	_	_	@aap1989m-words#@aap1989m#88.052#88.458
478	/	/	PUNCT	_	_	_	_	_	@aap1989m-words#@aap1989m#88.458#88.864
479	я	я	PRON	_	Case=Nom|Number=Sing|Person=1	_	_	_	@aap1989m-words#@aap1989m#88.864#89.27
480	помню	помнить	VERB	_	Aspect=Imp|Mood=Ind|Number=Sing|Person=1|Tense=Pres|VerbForm=Fin|Voice=Act	_	_	_	@aap1989m-words#@aap1989m#89.27#89.676
481	что	что	SCONJ	_	_	_	_	_	@aap1989m-words#@aap1989m#89.676#90.082
482	я	я	PRON	_	Case=Nom|Number=Sing|Person=1	_	_	_	@aap1989m-words#@aap1989m#90.082#90.488
483	пил	пить	VERB	_	Aspect=Imp|Gender=Masc|Mood=Ind|Number=Sing|Tense=Past|VerbForm=Fin|Voice=Act	_	_	_	@aap1989m-words#@aap1989m#90.488#90.894
484	/	/	PUNCT	_	_	_	_	_	@aap1989m-words#@aap1989m#90.894#91.3
485	потому	потому	ADV	_	_	_	_	_	@aap1989m-words#@aap1989m#91.3#91.706
486	что	что	SCONJ	_	_	_	_	_	@aap1989m-words#@aap1989m#91.706#92.112
487	я	я	PRON	_	Case=Nom|Number=Sing|Person=1	_	_	_	@aap1989m-words#@aap1989m#92.112#92.518
488	/	/	PUNCT	_	_	_	_	_	@aap1989m-words#@aap1989m#92.518#92.924
489	открыл	открыть	VERB	_	Aspect=Perf|Gender=Masc|Mood=Ind|Number=Sing|Tense=Past|VerbForm=Fin|Voice=Act	_	_	_	@aap1989m-words#@aap1989m#92.924#93.33
490	бутылку	бутылка	NOUN	_	Animacy=Inan|Case=Acc|Gender=Fem|Number=Sing	_	_	_	@aap1989m-words#@aap1989m#93.33#93.736
491	красного	красный	ADJ	_	Case=Gen|Degree=Pos|Gender=Neut|Number=Sing	_	_	_	@aap1989m-words#@aap1989m#93.736#94.142
492	вина	вино	NOUN	_	Animacy=Inan|Case=Gen|Gender=Neut|Number=Sing	_	_	_	@aap1989m-words#@aap1989m#94.142#94.548
493	/	/	PUNCT	_	_	_	_	_	@aap1989m-words#@aap1989m#94.548#94.954
494	а	а	CCONJ	_	_	_	_	_	@aap1989m-words#@aap1989m#94.954#95.36
495	/	/	PUNCT	_	_	_	_	_	@aap1989m-words#@aap1989m#95.36#95.766
496	было	быть	AUX	_	Aspect=Imp|Gender=Neut|Mood=Ind|Number=Sing|Tense=Past|VerbForm=Fin|Voice=Act	_	_	_	@aap1989m-words#@aap1989m#95.766#96.172
497	лето	лето	NOUN	_	Animacy=Inan|Case=Nom|Gender=Neut|Number=Sing	_	_	_	@aap1989m-words#@aap1989m#96.172#96.578
498	/	/	PUNCT	_	_	_	_	_	@aap1989m-words#@aap1989m#96.578#96.984
499	было	быть	AUX	_	Aspect=Imp|Gender=Neut|Mood=Ind|Number=Sing|Tense=Past|VerbForm=Fin|Voice=Act	_	_	_	@aap1989m-words#@aap1989m#96.984#97.39
500	очень	очень	ADV	_	_	_	_	_	@aap1989m-words#@aap1989m#97.39#97.796
501	тепло	тепло	ADV	_	Degree=Pos	_	_	_	@aap1989m-words#@aap1989m#97.796#98.202
502	я	я	PRON	_	Case=Nom|Number=Sing|Person=1	_	_	_	@aap1989m-words#@aap1989m#98.202#98.608
503	сел	сесть	VERB	_	Aspect=Perf|Gender=Masc|Mood=Ind|Number=Sing|Tense=Past|VerbForm=Fin|Voice=Mid	_	_	_	@aap1989m-words#@aap1989m#98.608#99.014
504	на	на	ADP	_	_	_	_	_	@aap1989m-words#@aap1989m#99.014#99.42
505	свой	свой	DET	_	Case=Acc|Gender=Masc|Number=Sing	_	_	_	@aap1989m-words#@aap1989m#99.42#99.826
506	балкон	балкон	NOUN	_	Animacy=Inan|Case=Acc|Gender=Masc|Number=Sing	_	_	_	@aap1989m-words#@aap1989m#99.826#100.232
507	/	/	PUNCT	_	_	_	_	_	@aap1989m-words#@aap1989m#100.232#100.638
508	аа	аа	INTJ	_	_	_	_	_	@aap1989m-words#@aap1989m#100.638#101.044
509	/	/	PUNCT	_	_	_	_	_	@aap1989m-words#@aap1989m#101.044#101.45
510	открыл	открыть	VERB	_	Aspect=Perf|Gender=Masc|Mood=Ind|Number=Sing|Tense=Past|VerbForm=Fin|Voice=Act	_	_	_	@aap1989m-words#@aap1989m#101.45#101.856
511	ноутбук	ноутбук	NOUN	_	Animacy=Inan|Case=Acc|Gender=Masc|Number=Sing	_	_	_	@aap1989m-words#@aap1989m#101.856#102.262
512	/	/	PUNCT	_	_	_	_	_	@aap1989m-words#@aap1989m#102.262#102.668
513	а	а	INTJ	_	_	_	_	_	@aap1989m-words#@aap1989m#102.668#103.074
514	/	/	PUNCT	_	_	_	_	_	@aap1989m-words#@aap1989m#103.074#103.48
515	включил	включить	VERB	_	Aspect=Perf|Gender=Masc|Mood=Ind|Number=Sing|Tense=Past|VerbForm=Fin|Voice=Act	_	_	_	@aap1989m-words#@aap1989m#103.48#103.886
516	в	в	ADP	_	_	_	_	_	@aap1989m-words#@aap1989m#103.886#104.292
517	/	/	PUNCT	_	_	_	_	_	@aap1989m-words#@aap1989m#104.292#104.698
518	ааа	ааа	INTJ	_	_	_	_	_	@aap1989m-words#@aap1989m#104.698#105.104
519	/	/	PUNCT	_	_	_	_	_	@aap1989m-words#@aap1989m#105.104#105.51
520	в	в	ADP	_	_	_	_	_	@aap1989m-words#@aap1989m#105.51#105.916
521	/	/	PUNCT	_	_	_	_	_	@aap1989m-words#@aap1989m#105.916#106.322
522	плеер	плеер	NOUN	_	Animacy=Inan|Case=Acc|Gender=Masc|Number=Sing	_	_	_	@aap1989m-words#@aap1989m#106.322#106.728
523	/	/	PUNCT	_	_	_	_	_	@aap1989m-words#@aap1989m#106.728#107.134
524	музыку	музыка	NOUN	_	Animacy=Inan|Case=Acc|Gender=Fem|Number=Sing	_	_	_	@aap1989m-words#@aap1989m#107.134#107.54
525	Оушен	Оушить	PROPN	_	_	_	_	_	@aap1989m-words#@aap1989m#107.54#107.946
526	Джит	Джит	PROPN	_	_	_	_	_	@aap1989m-words#@aap1989m#107.946#108.352
527	которая	который	PRON	_	Case=Nom	_	_	_	_	_	@aap1989m-words#@aap1989m#108.352#108.758
528	и	и	CCONJ	_	_	_	_	_	@aap1989m-words#@aap1989m#108.758#109.164
529	стала	стать	VERB	_	Aspect=Perf|Gender=Fem|Mood=Ind|Number=Sing|Tense=Past|VerbForm=Fin|Voice=Act	_	_	_	@aap1989m-words#@aap1989m#109.164#109.57
530	потом	потом	ADV	_	_	_	_	_	@aap1989m-words#@aap1989m#109.57#109.976
531	в	в	ADP	_	_	_	_	_	@aap1989m-words#@aap1989m#109.976#110.382
532	спектакле	спектакль	NOUN	_	Animacy=Inan|Case=Loc|Gender=Masc|Number=Sing	_	_	_	@aap1989m-words#@aap1989m#110.382#110.8
533	м	м	INTJ	_	_ _	_	_	@aap1989m-words#@aap1989m#110.8#110.989
534	/	/	PUNCT	_	_	_	_	_	@aap1989m-words#@aap1989m#110.989#111.178
535	слушал	слушать	VERB	_	Aspect=Imp|Gender=Masc|Mood=Ind|Number=Sing|Tense=Past|VerbForm=Fin|Voice=Act	_	_	_	@aap1989m-words#@aap1989m#111.178#111.367
536	все	весь	DET	_	Case=Acc|Number=Plur	_	_	_	@aap1989m-words#@aap1989m#111.367#111.556
537	их	их	DET	_	_	_	_	_	@aap1989m-words#@aap1989m#111.556#111.745
538	песни	песня	NOUN	_	Animacy=Inan|Case=Acc|Gender=Fem|Number=Plur	_	_	_	@aap1989m-words#@aap1989m#111.745#111.934
539	/	/	PUNCT	_	_	_	_	_	@aap1989m-words#@aap1989m#111.934#112.123
540	открыл	открыть	VERB	_	Aspect=Perf|Gender=Masc|Mood=Ind|Number=Sing|Tense=Past|VerbForm=Fin|Voice=Act	_	_	_	@aap1989m-words#@aap1989m#112.123#112.312
541	их	их	DET	_	_	_	_	_	@aap1989m-words#@aap1989m#112.312#112.501
542	концерт	концерт	NOUN	_	Animacy=Inan|Case=Acc|Gender=Masc|Number=Sing	_	_	_	@aap1989m-words#@aap1989m#112.501#112.69
543	костромской	костромской	ADJ	_	Case=Acc|Gender=Masc|Number=Sing	_	_	_	@aap1989m-words#@aap1989m#112.69#112.879
544	/	/	PUNCT	_	_	_	_	_	@aap1989m-words#@aap1989m#112.879#113.068
545	какой-то	какой-то	DET	_	Case=Acc|Gender=Masc|Number=Sing	_	_	_	@aap1989m-words#@aap1989m#113.068#113.257
546	/	/	PUNCT	_	_	_	_	_	@aap1989m-words#@aap1989m#113.257#113.446
547	а	а	INTJ	_	_	_	_	_	@aap1989m-words#@aap1989m#113.446#113.635
548	/	/	PUNCT	_	_	_	_	_	@aap1989m-words#@aap1989m#113.635#113.824
549	один	один	NUM	_	Case=Nom|Gender=Masc	_	_	_	@aap1989m-words#@aap1989m#113.824#114.013
550	из из	ADP	_	_	_	_	_	@aap1989m-words#@aap1989m#114.013#114.202
551	их	их	DET	_	_	_	_	_	@aap1989m-words#@aap1989m#114.202#114.391
552	концертов	концерт	NOUN	_	Animacy=Inan|Case=Gen|Gender=Masc|Number=Plur	_	_	_	@aap1989m-words#@aap1989m#114.391#114.58
553	/	/	PUNCT	_	_	_	_	_	@aap1989m-words#@aap1989m#114.58#114.769
554	ии	ии	INTJ	_	_	_	_	_	@aap1989m-words#@aap1989m#114.769#114.958
555	/	/	PUNCT	_	_	_	_	_	@aap1989m-words#@aap1989m#114.958#115.147
556	под	под	ADP	_	_	_	_	_	@aap1989m-words#@aap1989m#115.147#115.336
557	это	этот	DET	_	Case=Acc|Gender=Neut|Number=Sing	_	_	_	@aap1989m-words#@aap1989m#115.336#115.525
558	дело	дело	NOUN	_	Animacy=Inan|Case=Acc|Gender=Neut|Number=Sing	_	_	_	@aap1989m-words#@aap1989m#115.525#115.714
559	просто	просто	PART	_	_	_	_	_	@aap1989m-words#@aap1989m#115.714#115.903
560	писал	писать	VERB	_	Aspect=Imp|Gender=Masc|Mood=Ind|Number=Sing|Tense=Past|VerbForm=Fin|Voice=Act	_	_	_	@aap1989m-words#@aap1989m#115.903#116.092
561	/	/	PUNCT	_	_	_	_	_	@aap1989m-words#@aap1989m#116.092#116.281
562	все	все	PRON	_	Animacy=Inan|Case=Nom|Gender=Neut|Number=Sing	_	_	_	@aap1989m-words#@aap1989m#116.281#116.47
563	/	/	PUNCT	_	_	_	_	_	@aap1989m-words#@aap1989m#116.47#116.659
564	и	и	CCONJ	_	_	_	_	_	@aap1989m-words#@aap1989m#116.659#116.848
565	за	за	ADP	_	_	_	_	_	@aap1989m-words#@aap1989m#116.848#117.037
566	одну	один	NUM	_	Case=Acc|Gender=Fem	_	_	_	@aap1989m-words#@aap1989m#117.037#117.226
567	ночь	ночь	NOUN	_	Animacy=Inan|Case=Acc|Gender=Fem|Number=Sing	_	_	_	@aap1989m-words#@aap1989m#117.226#117.415
568	он	он	PRON	_	Case=Nom|Gender=Masc|Number=Sing|Person=3	_	_	_	@aap1989m-words#@aap1989m#117.415#117.604
569	был	быть	AUX	_	Aspect=Imp|Gender=Masc|Mood=Ind|Number=Sing|Tense=Past|VerbForm=Fin|Voice=Act	_	_	_	@aap1989m-words#@aap1989m#117.604#117.793
570	написан	писать	VERB	_	Aspect=Perf|Gender=Masc|Number=Sing|Tense=Past|Variant=Short|VerbForm=Part|Voice=Pass	_	_	_	@aap1989m-words#@aap1989m#117.793#117.982
571	/	/	PUNCT	_	_	_	_	_	@aap1989m-words#@aap1989m#117.982#118.171
572	там	там	ADV	_	_	_	_	_	@aap1989m-words#@aap1989m#118.171#118.36
573	в	в	ADP	_	_	_	_	_	@aap1989m-words#@aap1989m#118.36#118.549
574	четыре	четыре	NUM	_	Animacy=Inan|Case=Acc	_	_	_	@aap1989m-words#@aap1989m#118.549#118.738
575	или	или	CCONJ	_	_	_	_	_	@aap1989m-words#@aap1989m#118.738#118.927
576	в	в	ADP	_	_	_	_	_	@aap1989m-words#@aap1989m#118.927#119.116
577	пятом	пятый	NUM	_	Case=Loc|Gender=Masc|Number=Sing	_	_	_	@aap1989m-words#@aap1989m#119.116#119.305
578	часу	час	NOUN	_	Animacy=Inan|Case=Loc|Gender=Masc|Number=Sing	_	_	_	@aap1989m-words#@aap1989m#119.305#119.494
579	утра	утро	NOUN	_	Animacy=Inan|Case=Gen|Gender=Neut|Number=Sing	_	_	_	@aap1989m-words#@aap1989m#119.494#119.683
580	я	я	PRON	_	Case=Nom|Number=Sing|Person=1	_	_	_	@aap1989m-words#@aap1989m#119.683#119.872
581	скинул	скинуть	VERB	_	Aspect=Perf|Gender=Masc|Mood=Ind|Number=Sing|Tense=Past|VerbForm=Fin|Voice=Act	_	_	_	@aap1989m-words#@aap1989m#119.872#120.061
582	всем	все	PRON	_	Animacy=Anim|Case=Dat|Number=Plur	_	_	_	@aap1989m-words#@aap1989m#120.061#120.25
583	своим	свой	DET	_	Case=Dat|Number=Plur	_	_	_	@aap1989m-words#@aap1989m#120.25#120.439
584	друзьям	друг	NOUN	_	Animacy=Anim|Case=Dat|Gender=Masc|Number=Plur	_	_	_	@aap1989m-words#@aap1989m#120.439#120.628
585	чтобы	чтобы	SCONJ	_	Mood=Cnd	_	_	_	@aap1989m-words#@aap1989m#120.628#120.817
586	они	они	PRON	_	Case=Nom|Number=Plur|Person=3	_	_	_	@aap1989m-words#@aap1989m#120.817#121.006
587	прочитали	прочесть	VERB	_	Aspect=Perf|Mood=Ind|Number=Plur|Tense=Past|VerbForm=Fin|Voice=Act	_	_	_	@aap1989m-words#@aap1989m#121.006#121.195
588	и	и	CCONJ	_	_	_	_	_	@aap1989m-words#@aap1989m#121.195#121.384
589	я	я	PRON	_	Case=Nom|Number=Sing|Person=1	_	_	_	@aap1989m-words#@aap1989m#121.384#121.573
590	сказал	сказать	VERB	_	Aspect=Perf|Gender=Masc|Mood=Ind|Number=Sing|Tense=Past|VerbForm=Fin|Voice=Act	_	_	_	@aap1989m-words#@aap1989m#121.573#121.762
591	что	что	SCONJ	_	_	_	_	_	@aap1989m-words#@aap1989m#121.762#121.951
592	всё	всe	PRON	_	Animacy=Inan|Case=Acc|Gender=Neut|Number=Sing	_	_	_	@aap1989m-words#@aap1989m#121.951#122.14
593	начинаем	начинать	VERB	_	Aspect=Imp|Mood=Ind|Number=Plur|Person=1|Tense=Pres|VerbForm=Fin|Voice=Act	_	_	_	@aap1989m-words#@aap1989m#122.14#122.329
594	скоро	скоро	ADV	_	Degree=Pos	_	_	_	@aap1989m-words#@aap1989m#122.329#122.518
595	снимать	снимать	VERB	_	Aspect=Imp|VerbForm=Inf|Voice=Act	_	_	_	@aap1989m-words#@aap1989m#122.518#122.71
596	да	да	PART	_	_	_	_	_	@aap1989m-words#@aap1989m#124.95#125.36
597	на	на	ADP	_	_	_	_	_	@aap1989m-words#@aap1989m#128.348#128.522
598	видео	видео	NOUN	_	Animacy=Inan|Case=Acc|Gender=Neut|Number=Sing	_	_	_	@aap1989m-words#@aap1989m#128.522#128.696
599	?	?	PUNCT	_	_	_	_	_	@aap1989m-words#@aap1989m#128.696#128.87
600	нет	нет	PART	_	_	_	_	_	@aap1989m-words#@aap1989m#132.58#132.772
601	/	/	PUNCT	_	_	_	_	_	@aap1989m-words#@aap1989m#132.772#132.964
602	ну	ну	INTJ	_	_	_	_	_	@aap1989m-words#@aap1989m#132.964#133.156
603	там	там	ADV	_	_	_	_	_	@aap1989m-words#@aap1989m#133.156#133.348
604	же	же	PART	_	_	_	_	_	@aap1989m-words#@aap1989m#133.348#133.54
605	есть	быть	AUX	_	Aspect=Imp|Mood=Ind|Number=Plur|Person=3|Tense=Pres|VerbForm=Fin|Voice=Act	_	_	_	@aap1989m-words#@aap1989m#133.54#133.732
606	видеофрагменты	видеофрагмент	NOUN	_	Animacy=Inan|Case=Nom|Gender=Masc|Number=Plur	_	_	_	@aap1989m-words#@aap1989m#133.732#133.924
607	какие-то	какой-то	DET	_	Case=Nom|Number=Plur	_	_	_	@aap1989m-words#@aap1989m#133.924#134.12
608	в	в	ADP	_	_	_	_	_	@aap1989m-words#@aap1989m#137.54#137.713
609	Йота-спэйсе	Йота-спэйс	PROPN	_	Animacy=Inan|Case=Loc|Gender=Masc|Number=Sing	_	_	_	@aap1989m-words#@aap1989m#137.713#137.886
610	да	да	PART	_	_	_	_	_	@aap1989m-words#@aap1989m#137.886#138.06
611	а	а	CCONJ	_	_	_	_	_	@aap1989m-words#@aap1989m#140.37#140.543
612	ты	ты	PRON	_	Case=Nom|Number=Sing|Person=2	_	_	_	@aap1989m-words#@aap1989m#140.543#140.716
613	не	не	PART	_	_	_	_	_	@aap1989m-words#@aap1989m#140.716#140.889
614	смотрел	смотреть	VERB	_	Aspect=Imp|Gender=Masc|Mood=Ind|Number=Sing|Tense=Past|VerbForm=Fin|Voice=Act	_	_	_	@aap1989m-words#@aap1989m#140.889#141.062
615	к	к	ADP	_	_	_	_	_	@aap1989m-words#@aap1989m#141.062#141.235
616	сожалению	сожаление	NOUN	_	Animacy=Inan|Case=Dat|Gender=Neut|Number=Sing	_	_	_	@aap1989m-words#@aap1989m#141.235#141.41
617	придёшь	прийти	VERB	_	Aspect=Perf|Mood=Ind|Number=Sing|Person=2|Tense=Fut|VerbForm=Fin|Voice=Act	_	_	_	@aap1989m-words#@aap1989m#141.79#141.954
618	в	в	ADP	_	_	_	_	_	@aap1989m-words#@aap1989m#141.954#142.118
619	Крокусе	Крокус	NOUN	_	Animacy=Inan|Case=Loc|Gender=Masc|Number=Sing	_	_	_	@aap1989m-words#@aap1989m#142.118#142.282
620	посмотреть	посмотреть	VERB	_	Aspect=Perf|VerbForm=Inf|Voice=Act	_	_	_	@aap1989m-words#@aap1989m#142.282#142.446
621	тридц....	тридцатый	ADJ	_	Case=Acc|Degree=Pos|Gender=Neut|Number=Sing	_	_	_	@aap1989m-words#@aap1989m#142.446#142.61
622	тридцатое	тридцатый	ADJ	_	Case=Acc|Degree=Pos|Gender=Neut|Number=Sing	_	_	_	@aap1989m-words#@aap1989m#144.2#144.555
623	января	январь	NOUN	_	Animacy=Anim|Case=Gen|Gender=Masc|Number=Sing	_	_	_	@aap1989m-words#@aap1989m#144.555#144.91
624	можно	мочь	AUX	_	Aspect=Imp|Mood=Ind|Number=Sing|Tense=Pres|VerbForm=Fin|Voice=Act	_	_	_	@aap1989m-words#@aap1989m#146.66#146.913
625	стоять	стоять	VERB	_	Aspect=Imp|VerbForm=Inf|Voice=Act	_	_	_	@aap1989m-words#@aap1989m#146.913#147.166
626	[нрзб]	[нрзб]	X	_	_	_	_	_	@aap1989m-words#@aap1989m#147.166#147.42
627	#смеётся#	#смеётся#	X	_	Animacy=Inan|Case=Gen|Gender=Fem|Number=Sing	_	_	_	@aap1989m-words#@aap1989m#151.769#151.916
628	можно	мочь	AUX	_	Aspect=Imp|Mood=Ind|Number=Sing|Tense=Pres|VerbForm=Fin|Voice=Act	_	_	_	@aap1989m-words#@aap1989m#151.916#152.063
629	можно	мочь	AUX	_	Aspect=Imp|Mood=Ind|Number=Sing|Tense=Pres|VerbForm=Fin|Voice=Act	_	_	_	@aap1989m-words#@aap1989m#152.063#152.21
630	правда	правда	NOUN	_	Animacy=Inan|Case=Nom|Gender=Fem|Number=Sing	_	_	_	@aap1989m-words#@aap1989m#153.829#154.019
631	это	это	PRON	_	Animacy=Inan|Case=Nom|Gender=Neut|Number=Sing	_	_	_	@aap1989m-words#@aap1989m#154.019#154.209
632	интересно	интересный	ADJ	_	Degree=Pos|Gender=Neut|Number=Sing|Variant=Short	_	_	_	@aap1989m-words#@aap1989m#154.209#154.399
633	?	?	PUNCT	_	_	_	_	_	@aap1989m-words#@aap1989m#154.399#154.589
634	#смеётся#	#смеётся#	X	_	Animacy=Inan|Case=Gen|Gender=Fem|Number=Sing	_	_	_	@aap1989m-words#@aap1989m#154.589#154.779
635	[нрзб]	[нрзб]	X	_	_	_	_	_	@aap1989m-words#@aap1989m#154.779#154.969
636	я	я	PRON	_	Case=Nom|Number=Sing|Person=1	_	_	_	@aap1989m-words#@aap1989m#154.969#155.159
637	не	не	PART	_	_	_	_	_	@aap1989m-words#@aap1989m#155.159#155.349
638	любл...	любл	X	_	_	_	_	_	@aap1989m-words#@aap1989m#155.349#155.539
639	я	я	PRON	_	Case=Nom|Number=Sing|Person=1	_	_	_	@aap1989m-words#@aap1989m#155.539#155.729
640	не	не	PART	_	_	_	_	_	@aap1989m-words#@aap1989m#155.729#155.919
641	я	я	PRON	_	Case=Nom|Number=Sing|Person=1	_	_	_	@aap1989m-words#@aap1989m#155.919#156.109
642	не	не	PART	_	_	_	_	_	@aap1989m-words#@aap1989m#156.109#156.299
643	понимаю	понимать	VERB	_	Aspect=Imp|Mood=Ind|Number=Sing|Person=1|Tense=Pres|VerbForm=Fin|Voice=Act	_	_	_	@aap1989m-words#@aap1989m#156.299#156.489
644	почему	почему	ADV	_	_	_	_	_	@aap1989m-words#@aap1989m#156.489#156.679
645	я	я	PRON	_	Case=Nom|Number=Sing|Person=1	_	_	_	@aap1989m-words#@aap1989m#156.679#156.869
646	отвечаю	отвечать	VERB	_	Aspect=Imp|Mood=Ind|Number=Sing|Person=1|Tense=Pres|VerbForm=Fin|Voice=Act	_	_	_	@aap1989m-words#@aap1989m#156.869#157.059
647	на	на	ADP	_	_	_	_	_	@aap1989m-words#@aap1989m#157.059#157.249
648	эти	этот	DET	_	Case=Acc|Number=Plur	_	_	_	@aap1989m-words#@aap1989m#157.249#157.439
649	вопросы	вопрос	NOUN	_	Animacy=Inan|Case=Acc|Gender=Masc|Number=Plur	_	_	_	@aap1989m-words#@aap1989m#157.439#157.629
650	[нрзб]	[нрзб]	X	_	_	_	_	_	@aap1989m-words#@aap1989m#157.629#157.82
651	я	я	PRON	_	Case=Nom|Number=Sing|Person=1	_	_	_	@aap1989m-words#@aap1989m#158.12#158.35
652	реально	реально	ADV	_	Degree=Pos	_	_	_	@aap1989m-words#@aap1989m#158.35#158.58
653	я	я	PRON	_	Case=Nom|Number=Sing|Person=1	_	_	_	@aap1989m-words#@aap1989m#158.58#158.81
654	бы	бы	PART	_	_	_	_	_	@aap1989m-words#@aap1989m#158.81#159.04
655	никому	никто	PRON	_	Case=Dat	_	_	_	@aap1989m-words#@aap1989m#159.04#159.27
656	это	это	PRON	_	Animacy=Inan|Case=Nom|Gender=Neut|Number=Sing	_	_	_	@aap1989m-words#@aap1989m#159.27#159.5
657	не	не	PART	_	_	_	_	_	@aap1989m-words#@aap1989m#159.5#159.73
658	сказал	сказать	VERB	_	Aspect=Perf|Gender=Masc|Mood=Ind|Number=Sing|Tense=Past|VerbForm=Fin|Voice=Act	_	_	_	@aap1989m-words#@aap1989m#159.73#159.96
659	/	/	PUNCT	_	_	_	_	_	@aap1989m-words#@aap1989m#159.96#160.19
660	ни	ни	CCONJ	_	_	_	_	_	@aap1989m-words#@aap1989m#160.19#160.42
661	журнали...	журнали	X	_	_	_	_	_	@aap1989m-words#@aap1989m#160.42#160.65
662	а	а	INTJ	_	_	_	_	_	@aap1989m-words#@aap1989m#160.65#160.88
663	сейчас	сейчас	ADV	_	Degree=Pos	_	_	_	@aap1989m-words#@aap1989m#160.88#161.11
664	я	я	PRON	_	Case=Nom|Number=Sing|Person=1	_	_	_	@aap1989m-words#@aap1989m#161.11#161.34
665	понимаю	понимать	VERB	_	Aspect=Imp|Mood=Ind|Number=Sing|Person=1|Tense=Pres|VerbForm=Fin|Voice=Act	_	_	_	@aap1989m-words#@aap1989m#161.34#161.57
666	что	что	SCONJ	_	_	_	_	_	@aap1989m-words#@aap1989m#161.57#161.8
667	я	я	PRON	_	Case=Nom|Number=Sing|Person=1	_	_	_	@aap1989m-words#@aap1989m#161.8#162.03
668	готов	готовый	ADJ	_	Degree=Pos|Gender=Masc|Number=Sing|Variant=Short	_	_	_	@aap1989m-words#@aap1989m#162.03#162.26
669	и	и	CCONJ	_	_	_	_	_	@aap1989m-words#@aap1989m#162.26#162.49
670	меня	я	PRON	_	Case=Acc|Number=Sing|Person=1	_	_	_	@aap1989m-words#@aap1989m#162.49#162.72
671	какой-то	какой-то	DET	_	Case=Nom|Gender=Masc|Number=Sing	_	_	_	@aap1989m-words#@aap1989m#162.72#162.95
672	человек	человек	NOUN	_	Animacy=Anim|Case=Nom|Gender=Masc|Number=Sing	_	_	_	@aap1989m-words#@aap1989m#162.95#163.18
673	сзади	сзади	ADV	_	_	_	_	_	@aap1989m-words#@aap1989m#163.18#163.41
674	по	по	ADP	_	_	_	_	_	@aap1989m-words#@aap1989m#163.41#163.64
675	плечу	плечо	NOUN	_	Animacy=Inan|Case=Dat|Gender=Neut|Number=Sing	_	_	_	@aap1989m-words#@aap1989m#163.64#163.87
676	такой	такой	DET	_	Case=Nom|Gender=Masc|Number=Sing	_	_	_	@aap1989m-words#@aap1989m#163.87#164.1
677	Cаня	Cаня	PROPN	_	Animacy=Anim|Case=Nom|Gender=Masc|Number=Sing	_	_	_	@aap1989m-words#@aap1989m#164.1#164.33
678	Cаня	Cаня	PROPN	_	Animacy=Anim|Case=Nom|Gender=Masc|Number=Sing	_	_	_	@aap1989m-words#@aap1989m#164.33#164.56
679	Cаня	Cаня	PROPN	_	Animacy=Anim|Case=Nom|Gender=Masc|Number=Sing	_	_	_	@aap1989m-words#@aap1989m#164.56#164.79
680	ты	ты	PRON	_	Case=Nom|Number=Sing|Person=2	_	_	_	@aap1989m-words#@aap1989m#164.79#165.02
681	же	же	PART	_	_	_	_	_	@aap1989m-words#@aap1989m#165.02#165.25
682	не	не	PART	_	_	_	_	_	@aap1989m-words#@aap1989m#165.25#165.48
683	любишь	любить	VERB	_	Aspect=Perf|Mood=Ind|Number=Sing|Person=2|Tense=Pres|VerbForm=Fin|Voice=Act	_	_	_	@aap1989m-words#@aap1989m#165.48#165.71
684	про	про	ADP	_	_	_	_	_	@aap1989m-words#@aap1989m#165.71#165.94
685	бабки	бабки	NOUN	_	Animacy=Inan|Case=Acc|Number=Plur	_	_	_	@aap1989m-words#@aap1989m#165.94#166.17
686	разговаривать	разговаривать	VERB	_	Aspect=Imp|VerbForm=Inf|Voice=Act	_	_	_	@aap1989m-words#@aap1989m#166.17#166.4
687	ты	ты	PRON	_	Case=Nom|Number=Sing|Person=2	_	_	_	@aap1989m-words#@aap1989m#166.4#166.63
688	что	что	SCONJ	_	_	_	_	_	@aap1989m-words#@aap1989m#166.63#166.86
689	зачем	зачем	ADV	_	_	_	_	_	@aap1989m-words#@aap1989m#167.0#167.48
690	ты	ты	PRON	_	Case=Nom|Number=Sing|Person=2	_	_	_	@aap1989m-words#@aap1989m#167.48#167.96
691	я	я	PRON	_	Case=Nom|Number=Sing|Person=1	_	_	_	@aap1989m-words#@aap1989m#169.66#169.93
692	пока	пока	ADV	_	_	_	_	_	@aap1989m-words#@aap1989m#169.93#170.2
693	не	не	PART	_	_	_	_	_	@aap1989m-words#@aap1989m#170.2#170.47
694	назвал	назвать	VERB	_	Aspect=Perf|Gender=Masc|Mood=Ind|Number=Sing|Tense=Past|VerbForm=Fin|Voice=Act	_	_	_	@aap1989m-words#@aap1989m#170.47#170.74
695	/	/	PUNCT	_	_	_	_	_	@aap1989m-words#@aap1989m#170.74#171.01
696	да	да	PART	_	_	_	_	_	@aap1989m-words#@aap1989m#171.01#171.28
697	/	/	PUNCT	_	_	_	_	_	@aap1989m-words#@aap1989m#171.28#171.55
698	но	но	CCONJ	_	_	_	_	_	@aap1989m-words#@aap1989m#171.55#171.82
699	я	я	PRON	_	Case=Nom|Number=Sing|Person=1	_	_	_	@aap1989m-words#@aap1989m#171.82#172.09
700	назову	назвать	VERB	_	Aspect=Perf|Mood=Ind|Number=Sing|Person=1|Tense=Fut|VerbForm=Fin|Voice=Act	_	_	_	@aap1989m-words#@aap1989m#172.09#172.36
701	окей	окей	PART	_	_	_	_	_	@aap1989m-words#@aap1989m#172.36#172.63
702	/	/	PUNCT	_	_	_	_	_	@aap1989m-words#@aap1989m#172.63#172.9
703	для	для	ADP	_	_	_	_	_	@aap1989m-words#@aap1989m#172.9#173.17
704	меня	я	PRON	_	Case=Gen|Number=Sing|Person=1	_	_	_	@aap1989m-words#@aap1989m#173.17#173.44
705	это	это	PRON	_	Animacy=Inan|Case=Nom|Gender=Neut|Number=Sing	_	_	_	@aap1989m-words#@aap1989m#173.44#173.71
706	не	не	PART	_	_	_	_	_	@aap1989m-words#@aap1989m#173.71#173.98
707	/	/	PUNCT	_	_	_	_	_	@aap1989m-words#@aap1989m#173.98#174.25
708	секрет	секрет	NOUN	_	Animacy=Inan|Case=Nom|Gender=Masc|Number=Sing	_	_	_	@aap1989m-words#@aap1989m#174.25#174.52
709	мне	я	PRON	_	Case=Dat|Number=Sing|Person=1	_	_	_	@aap1989m-words#@aap1989m#174.52#174.79
710	кажется	казаться	VERB	_	Aspect=Imp|Mood=Ind|Number=Sing|Person=3|Tense=Pres|VerbForm=Fin|Voice=Mid	_	_	_	@aap1989m-words#@aap1989m#174.79#175.06
711	что	что	SCONJ	_	_	_	_	_	@aap1989m-words#@aap1989m#175.06#175.33
712	это	это	PRON	_	Animacy=Inan|Case=Nom|Gender=Neut|Number=Sing	_	_	_	@aap1989m-words#@aap1989m#175.33#175.6
713	вообще	вообще	ADV	_	_	_	_	_	@aap1989m-words#@aap1989m#175.6#175.87
714	не	не	PART	_	_	_	_	_	@aap1989m-words#@aap1989m#175.87#176.14
715	не	не	PART	_	_	_	_	_	@aap1989m-words#@aap1989m#176.14#176.41
716	страшные	страшный	ADJ	_	Case=Nom|Degree=Pos|Number=Plur	_	_	_	@aap1989m-words#@aap1989m#176.41#176.68
717	вещи	вещь	NOUN	_	Animacy=Inan|Case=Nom|Gender=Fem|Number=Plur	_	_	_	@aap1989m-words#@aap1989m#176.68#176.95
718	я	я	PRON	_	Case=Nom|Number=Sing|Person=1	_	_	_	@aap1989m-words#@aap1989m#176.95#177.22
719	потратил	потратить	VERB	_	Aspect=Perf|Gender=Masc|Mood=Ind|Number=Sing|Tense=Past|VerbForm=Fin|Voice=Act	_	_	_	@aap1989m-words#@aap1989m#177.22#177.49
720	чуть	чуть	ADV	_	_	_	_	_	@aap1989m-words#@aap1989m#177.49#177.76
721	больше	много	ADV	_	Degree=Cmp	_	_	_	@aap1989m-words#@aap1989m#177.76#178.03
722	/	/	PUNCT	_	_	_	_	_	@aap1989m-words#@aap1989m#178.03#178.3
723	чем	чем	SCONJ	_	_	_	_	_	@aap1989m-words#@aap1989m#178.3#178.57
724	мог	мочь	VERB	_	Aspect=Imp|Gender=Masc|Mood=Ind|Number=Sing|Tense=Past|VerbForm=Fin|Voice=Act	_	_	_	@aap1989m-words#@aap1989m#178.57#178.84
725	бы	бы	PART	_	_	_	_	_	@aap1989m-words#@aap1989m#178.84#179.11
726	/	/	PUNCT	_	_	_	_	_	@aap1989m-words#@aap1989m#179.11#179.38
727	потому	потому	ADV	_ _ _	_	_	@aap1989m-words#@aap1989m#179.38#179.65
728	что	что	SCONJ	_	_	_	_	_	@aap1989m-words#@aap1989m#179.65#179.92
729	это	это	PRON	_	Animacy=Inan|Case=Nom|Gender=Neut|Number=Sing	_	_	_	@aap1989m-words#@aap1989m#179.92#180.19
730	всё	вcё	PRON	_	Animacy=Inan|Case=Nom|Gender=Neut|Number=Sing	_	_	_	@aap1989m-words#@aap1989m#180.19#180.46
731	было	быть	AUX	_	Aspect=Imp|Gender=Neut|Mood=Ind|Number=Sing|Tense=Past|VerbForm=Fin|Voice=Act	_	_	_	@aap1989m-words#@aap1989m#180.46#180.73
732	нахрапом	нахрапом	ADV _ _	_	_	@aap1989m-words#@aap1989m#180.73#181.0
733	/	/	PUNCT	_	_	_	_	_	@aap1989m-words#@aap1989m#181.0#181.27
734	и	и	CCONJ	_	_	_	_	_	@aap1989m-words#@aap1989m#181.27#181.54
735	этим	это	PRON	_	Animacy=Inan|Case=Ins|Gender=Neut|Number=Sing	_	_	_	@aap1989m-words#@aap1989m#181.54#181.81
736	не	не	PART	_	_	_	_	_	@aap1989m-words#@aap1989m#181.81#182.08
737	занимались	заниматься	VERB	_	Aspect=Imp|Mood=Ind|Number=Plur|Tense=Past|VerbForm=Fin|Voice=Mid	_	_	_	@aap1989m-words#@aap1989m#182.08#182.35
738	профессиональные	профессиональный	ADJ	_	Case=Nom|Degree=Pos|Number=Plur	_	_	_	@aap1989m-words#@aap1989m#182.35#182.62
739	люди	человек	NOUN	_	Animacy=Anim|Case=Nom|Gender=Masc|Number=Plur	_	_	_	@aap1989m-words#@aap1989m#182.62#182.89
740	скажем	сказать	VERB	_	Aspect=Perf|Mood=Ind|Number=Plur|Person=1|Tense=Fut|VerbForm=Fin|Voice=Act	_	_	_	@aap1989m-words#@aap1989m#182.89#183.16
741	так	так	ADV	_	_	_	_	_	@aap1989m-words#@aap1989m#183.16#183.43
742	то	то	PRON	_	Animacy=Inan|Case=Nom|Gender=Neut|Number=Sing	_	_	_	@aap1989m-words#@aap1989m#183.43#183.7
743	есть	быть	AUX	_	Aspect=Imp|Mood=Ind|Number=Sing|Person=3|Tense=Pres|VerbForm=Fin|Voice=Act	_	_	_	@aap1989m-words#@aap1989m#183.7#183.97
744	в	в	ADP	_	_	_	_	_	@aap1989m-words#@aap1989m#183.97#184.24
745	приципе	прицип	NOUN	_	Animacy=Inan|Case=Loc|Gender=Masc|Number=Sing	_	_	_	@aap1989m-words#@aap1989m#184.24#184.51
746	/	/	PUNCT	_	_	_	_	_	@aap1989m-words#@aap1989m#184.51#184.78
747	я	я	PRON	_	Case=Nom|Number=Sing|Person=1	_	_	_	@aap1989m-words#@aap1989m#184.78#185.05
748	говорю	говорить	VERB	_	Aspect=Imp|Mood=Ind|Number=Sing|Person=1|Tense=Pres|VerbForm=Fin|Voice=Act	_	_	_	@aap1989m-words#@aap1989m#185.05#185.32
749	то	то	DET	_	_	_	_	_	@aap1989m-words#@aap1989m#185.32#185.59
750	что	что	SCONJ	_	_	_	_	_	@aap1989m-words#@aap1989m#185.59#185.86
751	ребят	ребята	NOUN	_	Animacy=Anim|Case=Voc|Gender=Neut|Number=Plur	_	_	_	@aap1989m-words#@aap1989m#185.86#186.13
752	пойдёмте	пойти	VERB	_	Aspect=Perf|Mood=Imp|Number=Plur|Person=2|VerbForm=Fin|Voice=Act	_	_	_	@aap1989m-words#@aap1989m#186.13#186.4
753	снимать	снимать	VERB	_	Aspect=Imp|VerbForm=Inf|Voice=Act	_	_	_	@aap1989m-words#@aap1989m#186.4#186.67
754	/	/	PUNCT	_	_	_	_	_	@aap1989m-words#@aap1989m#186.67#186.94
755	пойдёмте	пойти	VERB	_	Aspect=Perf|Mood=Imp|Number=Plur|Person=2|VerbForm=Fin|Voice=Act	_	_	_	@aap1989m-words#@aap1989m#186.94#187.21
756	снимать	снимать	VERB	_	Aspect=Imp|VerbForm=Inf|Voice=Act	_	_	_	@aap1989m-words#@aap1989m#187.21#187.48
757	пойдёмте	пойти	VERB	_	Aspect=Perf|Mood=Imp|Number=Plur|Person=2|VerbForm=Fin|Voice=Act	_	_	_	@aap1989m-words#@aap1989m#187.48#187.75
758	снимать	снимать	VERB	_	Aspect=Imp|VerbForm=Inf|Voice=Act	_	_	_	@aap1989m-words#@aap1989m#187.75#188.02
759	надо	надо	AUX	_	_	_	_	_	@aap1989m-words#@aap1989m#188.02#188.29
760	это	это	PRON	_	Animacy=Inan|Case=Acc|Gender=Neut|Number=Sing	_	_	_	@aap1989m-words#@aap1989m#188.29#188.56
761	я	я	PRON	_	Case=Nom|Number=Sing|Person=1	_	_	_	@aap1989m-words#@aap1989m#188.56#188.83
762	говорю	говорить	VERB	_	Aspect=Imp|Mood=Ind|Number=Sing|Person=1|Tense=Pres|VerbForm=Fin|Voice=Act	_	_	_	@aap1989m-words#@aap1989m#188.83#189.1
763	давайте	давать	VERB	_	Aspect=Imp|Mood=Imp|Number=Plur|Person=2|VerbForm=Fin|Voice=Act	_	_	_	@aap1989m-words#@aap1989m#189.1#189.37
764	возьмём	возьмём	VERB	_	Aspect=Imp|Mood=Ind|Number=Plur|Person=1|Tense=Pres|VerbForm=Fin|Voice=Act	_	_	_	@aap1989m-words#@aap1989m#189.37#189.64
765	такую-то	такой-то	DET	_	Case=Acc|Gender=Fem|Number=Sing	_	_	_	@aap1989m-words#@aap1989m#189.64#189.91
766	камеру	камера	NOUN	_	Animacy=Inan|Case=Acc|Gender=Fem|Number=Sing	_	_	_	@aap1989m-words#@aap1989m#189.91#190.18
767	/	/	PUNCT	_	_	_	_	_	@aap1989m-words#@aap1989m#190.18#190.45
768	там	там	ADV	_	_	_	_	_	@aap1989m-words#@aap1989m#190.45#190.72
769	/	/	PUNCT	_	_	_	_	_	@aap1989m-words#@aap1989m#190.72#190.99
770	не	не	PART	_	_	_	_	_	@aap1989m-words#@aap1989m#190.99#191.26
771	знаю	знать	VERB	_	Aspect=Imp|Mood=Ind|Number=Sing|Person=1|Tense=Pres|VerbForm=Fin|Voice=Act	_	_	_	@aap1989m-words#@aap1989m#191.26#191.53
772	/	/	PUNCT	_	_	_	_	_	@aap1989m-words#@aap1989m#191.53#191.8
773	объективы	объектив	NOUN	_	Animacy=Inan|Case=Nom|Gender=Masc|Number=Plur	_	_	_	@aap1989m-words#@aap1989m#191.8#192.07
774	такие-то	такой-то	ADJ	_	Case=Nom|Degree=Pos|Number=Plur	_	_	_	@aap1989m-words#@aap1989m#192.07#192.34
775	и	и	CCONJ	_	_	_	_	_	@aap1989m-words#@aap1989m#192.34#192.61
776	так	так	ADV	_	_	_	_	_	@aap1989m-words#@aap1989m#192.61#192.88
777	далее	далее	ADV	_	_	_	_	_	@aap1989m-words#@aap1989m#192.88#193.15
778	/	/	PUNCT	_	_	_	_	_	@aap1989m-words#@aap1989m#193.15#193.42
779	ааа	ааа	INTJ	_	_	_	_	_	@aap1989m-words#@aap1989m#193.42#193.69
780	/	/	PUNCT	_	_	_	_	_	@aap1989m-words#@aap1989m#193.69#193.96
781	ну	ну	INTJ	_	_	_	_	_	@aap1989m-words#@aap1989m#193.96#194.23
782	это	это	PRON	_	Animacy=Inan|Case=Nom|Gender=Neut|Number=Sing	_	_	_	@aap1989m-words#@aap1989m#194.23#194.5
783	обошлось	обойтись	VERB	_	Aspect=Perf|Gender=Neut|Mood=Ind|Number=Sing|Tense=Past|VerbForm=Fin|Voice=Mid	_	_	_	@aap1989m-words#@aap1989m#194.5#194.77
784	мне	я	PRON	_	Case=Dat|Number=Sing|Person=1	_	_	_	@aap1989m-words#@aap1989m#194.77#195.04
785	где-то	где-то	ADV	_	Degree=Pos	_	_	_	@aap1989m-words#@aap1989m#195.04#195.31
786	/	/	PUNCT	_	_	_	_	_	@aap1989m-words#@aap1989m#195.31#195.58
787	наверно	наверно	ADV	_	_	_	_	_	@aap1989m-words#@aap1989m#195.58#195.93
788	миллион	миллион	NUM	_	Case=Acc _	_	_	@aap1989m-words#@aap1989m#196.0#196.457
789	семьсот	семьсот	NUM	_	Case=Acc _	_	_	@aap1989m-words#@aap1989m#196.457#196.914
790	где-то	где-то	ADV	_	_	_	_	_	@aap1989m-words#@aap1989m#196.914#197.371
791	так	так	ADV	_	_	_	_	_	@aap1989m-words#@aap1989m#197.371#197.829
792	ну	ну	INTJ	_	_	_	_	_	@aap1989m-words#@aap1989m#199.41#199.639
793	это	это	PRON	_	Animacy=Inan|Case=Nom|Gender=Neut|Number=Sing	_	_	_	@aap1989m-words#@aap1989m#199.639#199.868
794	небольшие	небольшой	ADJ	_	Case=Nom|Degree=Pos|Number=Plur	_	_	_	@aap1989m-words#@aap1989m#199.868#200.097
795	деньги	деньги	NOUN	_	Animacy=Inan|Case=Nom|Number=Plur	_	_	_	@aap1989m-words#@aap1989m#200.097#200.326
796	для	для	ADP	_	_	_	_	_	@aap1989m-words#@aap1989m#200.326#200.555
797	тех	тот	DET	_	Case=Gen|Number=Plur	_	_	_	@aap1989m-words#@aap1989m#200.555#200.784
798	/	/	PUNCT	_	_	_	_	_	@aap1989m-words#@aap1989m#200.784#201.013
799	аа	аа	INTJ	_	Animacy=Inan|Case=Gen|Gender=Masc|Number=Sing	_	_	_	@aap1989m-words#@aap1989m#201.013#201.242
800	/	/	PUNCT	_	_	_	_	_	@aap1989m-words#@aap1989m#201.242#201.471
801	для	для	ADP	_	_	_	_	_	@aap1989m-words#@aap1989m#201.471#201.7
802	для	для	ADP	_	_	_	_	_	@aap1989m-words#@aap1989m#201.7#201.929
803	/	/	PUNCT	_	_	_	_	_	@aap1989m-words#@aap1989m#201.929#202.158
804	на	на	ADP	_	_	_	_	_	@aap1989m-words#@aap1989m#202.158#202.387
805	самом	самый	ADJ	_	Case=Loc|Degree=Pos|Gender=Neut|Number=Sing	_	_	_	@aap1989m-words#@aap1989m#202.387#202.616
806	деле	дело	NOUN	_	Animacy=Inan|Case=Loc|Gender=Neut|Number=Sing	_	_	_	@aap1989m-words#@aap1989m#202.616#202.845
807	для	для	ADP	_	_	_	_	_	@aap1989m-words#@aap1989m#202.845#203.074
808	тех	тот	DET	_	Case=Gen|Number=Plur	_	_	_	@aap1989m-words#@aap1989m#203.074#203.303
809	/	/	PUNCT	_	_	_	_	_	@aap1989m-words#@aap1989m#203.303#203.532
810	для	для	ADP	_	_	_	_	_	@aap1989m-words#@aap1989m#203.532#203.761
811	того	тот	DET	_	Case=Gen|Gender=Masc|Number=Sing	_	_	_	@aap1989m-words#@aap1989m#203.761#203.99
812	материала	материал	NOUN	_	Animacy=Inan|Case=Gen|Gender=Masc|Number=Sing	_	_	_	@aap1989m-words#@aap1989m#203.99#204.219
813	который	который	PRON	_	Case=Acc	_	_	_	@aap1989m-words#@aap1989m#204.219#204.448
814	мы	мы	PRON	_	Case=Nom|Number=Plur|Person=1	_	_	_	@aap1989m-words#@aap1989m#204.448#204.677
815	получили	получить	VERB	_	Aspect=Perf|Mood=Ind|Number=Plur|Tense=Past|VerbForm=Fin|Voice=Act	_	_	_	@aap1989m-words#@aap1989m#204.677#204.92
816	не	не	PART	_	_	_	_	_	@aap1989m-words#@aap1989m#208.67#208.863
817	[нрзб]	[нрзб]	X	_	_	_	_	_	@aap1989m-words#@aap1989m#208.863#209.056
818	/	/	PUNCT	_	_	_	_	_	@aap1989m-words#@aap1989m#209.056#209.249
819	нет	нет	PART	_	_	_	_	_	@aap1989m-words#@aap1989m#209.249#209.442
820	не	не	PART	_	_	_	_	_	@aap1989m-words#@aap1989m#209.442#209.635
821	сразу	сразу	ADV	_	_	_	_	_	@aap1989m-words#@aap1989m#209.635#209.829
822	ну	ну	INTJ	_	_	_	_	_	@aap1989m-words#@aap1989m#210.74#210.94
823	нет	нет PART	_	_	_	_	_	@aap1989m-words#@aap1989m#210.94#211.14
824	ну	ну	INTJ	_	_	_	_	_	@aap1989m-words#@aap1989m#211.14#211.34
825	ещё	ещё	ADV	_	_	_	_	_	@aap1989m-words#@aap1989m#211.34#211.54
826	же	же	PART	_	_	_	_	_	@aap1989m-words#@aap1989m#211.54#211.74
827	декорации	декорация	NOUN	_	Animacy=Inan|Case=Nom|Gender=Fem|Number=Plur	_	_	_	@aap1989m-words#@aap1989m#211.74#211.94
828	есть	быть	AUX	_	Aspect=Imp|Mood=Ind|Number=Sing|Person=3|Tense=Pres|VerbForm=Fin|Voice=Act	_	_	_	@aap1989m-words#@aap1989m#211.94#212.14
829	там	там	ADV	_	_	_	_	_	@aap1989m-words#@aap1989m#212.14#212.34
830	и	и	CCONJ	_	_	_	_	_	@aap1989m-words#@aap1989m#212.34#212.54
831	так	так	ADV	_	_	_	_	_	@aap1989m-words#@aap1989m#212.54#212.74
832	да...	да	X	_	_	_	_	_	@aap1989m-words#@aap1989m#212.74#212.95
833	да	да	PART	_	_	_	_	_	@aap1989m-words#@aap1989m#214.98#215.24
834	/	/	PUNCT	_	_	_	_	_	@aap1989m-words#@aap1989m#215.24#215.5
835	ну	ну	INTJ	_	_	_	_	_	@aap1989m-words#@aap1989m#215.5#215.76
836	ещё	ещё	ADV	_	_	_	_	_	@aap1989m-words#@aap1989m#215.76#216.02
837	декорации	декорация	NOUN	_	Animacy=Inan|Case=Nom|Gender=Fem|Number=Plur	_	_	_	@aap1989m-words#@aap1989m#216.02#216.28
838	/	/	PUNCT	_	_	_	_	_	@aap1989m-words#@aap1989m#216.28#216.54
839	там	там	ADV	_	_	_	_	_	@aap1989m-words#@aap1989m#216.54#216.8
840	ммм	ммм	INTJ	_	_	_	_	_	@aap1989m-words#@aap1989m#216.8#217.06
841	/	/	PUNCT	_	_	_	_	_	@aap1989m-words#@aap1989m#217.06#217.32
842	ну	ну	INTJ	_	_	_	_	_	@aap1989m-words#@aap1989m#217.32#217.58
843	и	и	CCONJ	_	_	_	_	_	@aap1989m-words#@aap1989m#217.58#217.84
844	так	так	ADV	_	_	_	_	_	@aap1989m-words#@aap1989m#217.84#218.1
845	далее	далее	ADV	_	_	_	_	_	@aap1989m-words#@aap1989m#218.1#218.36
846	/	/	PUNCT	_	_	_	_	_	@aap1989m-words#@aap1989m#218.36#218.62
847	потом	потом	ADV	_	_	_	_	_	@aap1989m-words#@aap1989m#218.62#218.88
848	/	/	PUNCT	_	_	_	_	_	@aap1989m-words#@aap1989m#218.88#219.14
849	команда	команда	NOUN	_	Animacy=Inan|Case=Nom|Gender=Fem|Number=Sing	_	_	_	@aap1989m-words#@aap1989m#219.14#219.4
850	у	у	ADP	_	_	_	_	_	@aap1989m-words#@aap1989m#219.4#219.66
851	нас	мы	PRON	_	Case=Gen|Number=Plur|Person=1	_	_	_	@aap1989m-words#@aap1989m#219.66#219.92
852	очень	очень	ADV	_	_	_	_	_	@aap1989m-words#@aap1989m#219.92#220.18
853	большая	большой	ADJ	_	Case=Nom|Degree=Pos|Gender=Fem|Number=Sing	_	_	_	@aap1989m-words#@aap1989m#220.18#220.44
854	/	/	PUNCT	_	_	_	_	_	@aap1989m-words#@aap1989m#220.44#220.7
855	распределяется	распределяться	VERB	_	Aspect=Imp|Mood=Ind|Number=Sing|Person=3|Tense=Pres|VerbForm=Fin|Voice=Mid	_	_	_	@aap1989m-words#@aap1989m#220.7#220.96
856	у	у	ADP	_	_	_	_	_	@aap1989m-words#@aap1989m#220.96#221.22
857	нас	мы	PRON	_	Case=Gen|Number=Plur|Person=1	_	_	_	@aap1989m-words#@aap1989m#221.22#221.48
858	команда	команда	NOUN	_	Animacy=Inan|Case=Nom|Gender=Fem|Number=Sing	_	_	_	@aap1989m-words#@aap1989m#221.48#221.74
859	только	только	PART	_	_	_	_	_	@aap1989m-words#@aap1989m#221.74#222.0
860	там	там	ADV	_	_	_	_	_	@aap1989m-words#@aap1989m#222.0#222.26
861	/	/	PUNCT	_	_	_	_	_	@aap1989m-words#@aap1989m#222.26#222.52
862	сколько	сколько	NUM	_	_	_	_	_	@aap1989m-words#@aap1989m#222.52#222.78
863	получается	получаться	VERB	_	Aspect=Imp|Mood=Ind|Number=Sing|Person=3|Tense=Pres|VerbForm=Fin|Voice=Mid	_	_	_	@aap1989m-words#@aap1989m#222.78#223.04
864	/	/	PUNCT	_	_	_	_	_	@aap1989m-words#@aap1989m#223.04#223.3
865	одиннадцать	одиннадцать	NUM	_	Case=Nom	_	_	_	@aap1989m-words#@aap1989m#223.3#223.56
866	человек	человек	NOUN	_	Animacy=Anim|Case=Gen|Gender=Masc|Number=Plur	_	_	_	@aap1989m-words#@aap1989m#223.56#223.85
867	ну	ну	INTJ	_	_	_	_	_	@aap1989m-words#@aap1989m#226.6#226.833
868	я	я	PRON	_	Case=Nom|Number=Sing|Person=1	_	_	_	@aap1989m-words#@aap1989m#226.833#227.066
869	думаю	думать	VERB	_	Aspect=Imp|Mood=Ind|Number=Sing|Person=1|Tense=Pres|VerbForm=Fin|Voice=Act	_	_	_	@aap1989m-words#@aap1989m#227.066#227.299
870	поменьше	мало	ADV	_	Degree=Cmp	_	_	_	@aap1989m-words#@aap1989m#227.299#227.532
871	но	но	CCONJ	_	_	_	_	_	@aap1989m-words#@aap1989m#227.532#227.765
872	да	да	PART	_	_	_	_	_	@aap1989m-words#@aap1989m#227.765#227.998
873	где-то	где-то	ADV	_	_	_	_	_	@aap1989m-words#@aap1989m#227.998#228.231
874	так	так	ADV	_	_	_	_	_	@aap1989m-words#@aap1989m#228.231#228.469
875	не	не	PART	_	_	_	_	_	@aap1989m-words#@aap1989m#236.07#236.295
876	знаю	знать	VERB	_	Aspect=Imp|Mood=Ind|Number=Sing|Person=1|Tense=Pres|VerbForm=Fin|Voice=Act	_	_	_	@aap1989m-words#@aap1989m#236.295#236.52
877	я	я	PRON	_	Case=Nom|Number=Sing|Person=1	_	_	_	@aap1989m-words#@aap1989m#241.4#241.709
878	тебе	ты	PRON	_	Case=Dat|Number=Sing|Person=2	_	_	_	@aap1989m-words#@aap1989m#241.709#242.018
879	могу	мочь	VERB	_	Aspect=Imp|Mood=Ind|Number=Sing|Person=1|Tense=Pres|VerbForm=Fin|Voice=Act	_	_	_	@aap1989m-words#@aap1989m#242.018#242.327
880	ответить	ответить	VERB	_	Aspect=Perf|VerbForm=Inf|Voice=Act	_	_	_	@aap1989m-words#@aap1989m#242.327#242.636
881	на	на	ADP	_	_	_	_	_	@aap1989m-words#@aap1989m#242.636#242.945
882	этот	этот	DET	_	Case=Acc|Gender=Masc|Number=Sing	_	_	_	@aap1989m-words#@aap1989m#242.945#243.254
883	вопрос	вопрос	NOUN	_	Animacy=Inan|Case=Acc|Gender=Masc|Number=Sing	_	_	_	@aap1989m-words#@aap1989m#243.254#243.563
884	/	/	PUNCT	_	_	_	_	_	@aap1989m-words#@aap1989m#243.563#243.872
885	это	это	PRON	_	Animacy=Inan|Case=Nom|Gender=Neut|Number=Sing	_	_	_	@aap1989m-words#@aap1989m#243.872#244.181
886	/	/	PUNCT	_	_	_	_	_	@aap1989m-words#@aap1989m#244.181#244.49
887	удивительное	удивительный	ADJ	_	Case=Nom|Degree=Pos|Gender=Neut|Number=Sing	_	_	_	@aap1989m-words#@aap1989m#244.49#244.799
888	сочетание	сочетание	NOUN	_	Animacy=Inan|Case=Nom|Gender=Neut|Number=Sing	_	_	_	@aap1989m-words#@aap1989m#244.799#245.108
889	букв	буква	NOUN	_	Animacy=Inan|Case=Gen|Gender=Fem|Number=Plur	_	_	_	@aap1989m-words#@aap1989m#245.108#245.417
890	/	/	PUNCT	_	_	_	_	_	@aap1989m-words#@aap1989m#245.417#245.726
891	а	а	INTJ	_	_	_	_	_	@aap1989m-words#@aap1989m#245.726#246.035
892	/	/	PUNCT	_	_	_	_	_	@aap1989m-words#@aap1989m#246.035#246.344
893	которые	который	PRON	_	Case=Acc	_	_	_	@aap1989m-words#@aap1989m#246.344#246.653
894	ты	ты	PRON	_	Case=Nom|Number=Sing|Person=2	_	_	_	@aap1989m-words#@aap1989m#246.653#246.962
895	порой	порой	ADV	_	_	_	_	_	@aap1989m-words#@aap1989m#246.962#247.271
896	не	не	PART	_	_	_	_	_	@aap1989m-words#@aap1989m#247.271#247.58
897	можешь	мочь	VERB	_	Aspect=Imp|Mood=Ind|Number=Sing|Person=2|Tense=Pres|VerbForm=Fin|Voice=Act	_	_	_	@aap1989m-words#@aap1989m#247.58#247.889
898	объяснить	объяснить	VERB	_	Aspect=Perf|VerbForm=Inf|Voice=Act	_	_	_	@aap1989m-words#@aap1989m#247.889#248.198
899	/	/	PUNCT	_	_	_	_	_	@aap1989m-words#@aap1989m#248.198#248.507
900	там	там	ADV	_	_	_	_	_	@aap1989m-words#@aap1989m#248.507#248.816
901	не	не	PART	_	_	_	_	_	@aap1989m-words#@aap1989m#248.816#249.125
902	знаю	знать	VERB	_	Aspect=Imp|Mood=Ind|Number=Sing|Person=1|Tense=Pres|VerbForm=Fin|Voice=Act	_	_	_	@aap1989m-words#@aap1989m#249.125#249.434
903	смысл	смысл	NOUN	_	Animacy=Inan|Case=Acc|Gender=Masc|Number=Sing	_	_	_	@aap1989m-words#@aap1989m#249.434#249.743
904	стихотворения	стихотворение	NOUN	_	Animacy=Inan|Case=Gen|Gender=Neut|Number=Sing	_	_	_	@aap1989m-words#@aap1989m#249.743#250.052
905	/	/	PUNCT	_	_	_	_	_	@aap1989m-words#@aap1989m#250.052#250.361
906	но	но	CCONJ	_	_	_	_	_	@aap1989m-words#@aap1989m#250.361#250.67
907	ты	ты	PRON	_	Case=Nom|Number=Sing|Person=2	_	_	_	@aap1989m-words#@aap1989m#250.67#250.979
908	его	он	PRON	_	Case=Acc|Gender=Masc|Number=Sing|Person=3	_	_	_	@aap1989m-words#@aap1989m#250.979#251.288
909	почему-то	почему-то	ADV	_	_	_	_	_	@aap1989m-words#@aap1989m#251.288#251.597
910	понимаешь	понимать	VERB	_	Aspect=Imp|Mood=Ind|Number=Sing|Person=2|Tense=Pres|VerbForm=Fin|Voice=Act	_	_	_	@aap1989m-words#@aap1989m#251.597#251.906
911	/	/	PUNCT	_	_	_	_	_	@aap1989m-words#@aap1989m#251.906#252.215
912	даже	даже	PART	_	_	_	_	_	@aap1989m-words#@aap1989m#252.215#252.524
913	не	не	PART	_	_	_	_	_	@aap1989m-words#@aap1989m#252.524#252.833
914	понимаешь	понимать	VERB	_	Aspect=Imp|Mood=Ind|Number=Sing|Person=2|Tense=Fut|VerbForm=Fin|Voice=Act	_	_	_	@aap1989m-words#@aap1989m#252.833#253.142
915	/	/	PUNCT	_	_	_	_	_	@aap1989m-words#@aap1989m#253.142#253.451
916	а	а	CCONJ	_	_	_	_	_	@aap1989m-words#@aap1989m#253.451#253.76
917	понимаешь	понимать	VERB	_	Aspect=Imp|Mood=Ind|Number=Sing|Person=2|Tense=Pres|VerbForm=Fin|Voice=Act	_	_	_	@aap1989m-words#@aap1989m#253.76#254.069
918	/	/	PUNCT	_	_	_	_	_	@aap1989m-words#@aap1989m#254.069#254.378
919	вот	вот	PART	_	_	_	_	_	@aap1989m-words#@aap1989m#254.378#254.687
920	сердцем	сердце	NOUN	_	Animacy=Inan|Case=Ins|Gender=Neut|Number=Sing	_	_	_	@aap1989m-words#@aap1989m#254.687#254.996
921	душой	душа	NOUN	_	Animacy=Inan|Case=Ins|Gender=Fem|Number=Sing	_	_	_	@aap1989m-words#@aap1989m#254.996#255.305
922	/	/	PUNCT	_	_	_	_	_	@aap1989m-words#@aap1989m#255.305#255.614
923	ты	ты	PRON	_	Case=Nom|Number=Sing|Person=2	_	_	_	@aap1989m-words#@aap1989m#255.614#255.923
924	это	это	PRON	_	Animacy=Inan|Case=Nom|Gender=Neut|Number=Sing	_	_	_	@aap1989m-words#@aap1989m#255.923#256.232
925	[нрзб]	[нрзб]	X	_	_	_	_	_	@aap1989m-words#@aap1989m#256.232#256.541
926	смысл	смысл	NOUN	_	Animacy=Inan|Case=Nom|Gender=Masc|Number=Sing	_	_	_	@aap1989m-words#@aap1989m#256.541#256.85
927	строк	строка	NOUN	_	Animacy=Inan|Case=Gen|Gender=Fem|Number=Plur	_	_	_	@aap1989m-words#@aap1989m#256.85#257.159
928	понимаешь	понимать	VERB	_	Aspect=Imp|Mood=Ind|Number=Sing|Person=2|Tense=Pres|VerbForm=Fin|Voice=Act	_	_	_	@aap1989m-words#@aap1989m#257.159#257.468
929	/	/	PUNCT	_	_	_	_	_	@aap1989m-words#@aap1989m#257.468#257.777
930	поэтому	поэтому	ADV	_	_	_	_	_	@aap1989m-words#@aap1989m#257.777#258.086
931	/	/	PUNCT	_	_	_	_	_	@aap1989m-words#@aap1989m#258.086#258.395
932	не	не	PART	_	_	_	_	_	@aap1989m-words#@aap1989m#258.395#258.704
933	только	только	PART	_	_	_	_	_	@aap1989m-words#@aap1989m#258.704#259.013
934	мне	я	PRON	_	Case=Dat|Number=Sing|Person=1	_	_	_	@aap1989m-words#@aap1989m#259.013#259.322
935	нравится	нравиться	VERB	_	Aspect=Imp|Mood=Ind|Number=Sing|Person=3|Tense=Pres|VerbForm=Fin|Voice=Mid	_	_	_	@aap1989m-words#@aap1989m#259.322#259.631
936	поэзия	поэзия	NOUN	_	Animacy=Inan|Case=Nom|Gender=Fem|Number=Sing	_	_	_	@aap1989m-words#@aap1989m#259.631#259.94
937	а	а	CCONJ	_	_	_	_	_	@aap1989m-words#@aap1989m#259.94#260.249
938	ещё	ещё	ADV	_	_	_	_	_	@aap1989m-words#@aap1989m#260.249#260.558
939	большому	большой	ADJ	_	Case=Dat|Degree=Pos|Gender=Neut|Number=Sing	_	_	_	@aap1989m-words#@aap1989m#260.558#260.867
940	большому	большой	ADJ	_	Case=Dat|Degree=Pos|Gender=Neut|Number=Sing	_	_	_	@aap1989m-words#@aap1989m#260.867#261.176
941	количеству	количество	NOUN	_	Animacy=Inan|Case=Dat|Gender=Neut|Number=Sing	_	_	_	@aap1989m-words#@aap1989m#261.176#261.485
942	людей	человек	NOUN	_	Animacy=Anim|Case=Gen|Gender=Masc|Number=Plur	_	_	_	@aap1989m-words#@aap1989m#261.485#261.794
943	но	но	CCONJ	_	_	_	_	_	@aap1989m-words#@aap1989m#261.794#262.103
944	в	в	ADP	_	_	_	_	_	@aap1989m-words#@aap1989m#262.103#262.412
945	какой-то	какой-то	DET	_	Case=Acc|Gender=Masc|Number=Sing	_	_	_	@aap1989m-words#@aap1989m#262.412#262.721
946	момент	момент	NOUN	_	Animacy=Inan|Case=Acc|Gender=Masc|Number=Sing	_	_	_	@aap1989m-words#@aap1989m#262.721#263.03
947	/	/	PUNCT	_	_	_	_	_	@aap1989m-words#@aap1989m#263.03#263.339
948	это	это	PRON	_	Animacy=Inan|Case=Nom|Gender=Neut|Number=Sing	_	_	_	@aap1989m-words#@aap1989m#263.339#263.648
949	стало	стать	VERB	_	Aspect=Perf|Gender=Neut|Mood=Ind|Number=Sing|Tense=Past|VerbForm=Fin|Voice=Act	_	_	_	@aap1989m-words#@aap1989m#263.648#263.957
950	не	не	PART	_	_	_	_	_	@aap1989m-words#@aap1989m#263.957#264.266
951	сильно	сильно	ADV	_	Degree=Pos	_	_	_	@aap1989m-words#@aap1989m#264.266#264.575
952	модным	модный	ADJ	_	Case=Ins|Degree=Pos|Gender=Masc|Number=Sing	_	_	_	@aap1989m-words#@aap1989m#264.575#264.884
953	/	/	PUNCT	_	_	_	_	_	@aap1989m-words#@aap1989m#264.884#265.193
954	потом	потом	ADV	_	_	_	_	_	@aap1989m-words#@aap1989m#265.193#265.502
955	это	это	PRON	_	Animacy=Inan|Case=Nom|Gender=Neut|Number=Sing	_	_	_	@aap1989m-words#@aap1989m#265.502#265.811
956	опять	опять	ADV	_	_	_	_	_	@aap1989m-words#@aap1989m#265.811#266.12
957	вернулось	вернуться	VERB	_	Aspect=Perf|Gender=Neut|Mood=Ind|Number=Sing|Tense=Past|VerbForm=Fin|Voice=Mid	_	_	_	@aap1989m-words#@aap1989m#266.12#266.429
958	/	/	PUNCT	_	_	_	_	_	@aap1989m-words#@aap1989m#266.429#266.738
959	вернулось	вернуться	VERB	_	Aspect=Perf|Gender=Neut|Mood=Ind|Number=Sing|Tense=Past|VerbForm=Fin|Voice=Mid	_	_	_	@aap1989m-words#@aap1989m#266.738#267.047
960	вместе	вместе	ADV	_	_	_	_	_	@aap1989m-words#@aap1989m#267.047#267.356
961	/	/	PUNCT	_	_	_	_	_	@aap1989m-words#@aap1989m#267.356#267.665
962	мм	мм	INTJ	_	_	_	_	_	@aap1989m-words#@aap1989m#267.665#267.974
963	/	/	PUNCT	_	_	_	_	_	@aap1989m-words#@aap1989m#267.974#268.283
964	с	с	ADP	_	_	_	_	_	@aap1989m-words#@aap1989m#268.283#268.592
965	/	/	PUNCT	_	_	_	_	_	@aap1989m-words#@aap1989m#268.592#268.901
966	рэпом	рэп	NOUN	_	Animacy=Inam|Case=Ins|Gender=Masc|Number=Sing	_	_	_	@aap1989m-words#@aap1989m#268.901#269.21
967	/	/	PUNCT	_	_	_	_	_	@aap1989m-words#@aap1989m#269.21#269.519
968	потому	потому	ADV	_	_	_	_	_	@aap1989m-words#@aap1989m#269.519#269.828
969	что	что	SCONJ	_	_	_	_	_	@aap1989m-words#@aap1989m#269.828#270.137
970	это	это	PRON	_	Animacy=Inan|Case=Nom|Gender=Neut|Number=Sing	_	_	_	@aap1989m-words#@aap1989m#270.137#270.446
971	поэзия	поэзия	NOUN	_	Animacy=Inan|Case=Nom|Gender=Fem|Number=Sing	_	_	_	@aap1989m-words#@aap1989m#270.446#270.755
972	/	/	PUNCT	_	_	_	_	_	@aap1989m-words#@aap1989m#270.755#271.064
973	аа	аа	INTJ	_	_	_	_	_	@aap1989m-words#@aap1989m#271.064#271.43
974	потом	потом	ADV	_	_	_	_	_	@aap1989m-words#@aap1989m#272.261#272.601
975	это	это	PRON	_	Animacy=Inan|Case=Nom|Gender=Neut|Number=Sing	_	_	_	@aap1989m-words#@aap1989m#272.601#272.941
976	вошло	войти	VERB	_	Aspect=Perf|Gender=Neut|Mood=Ind|Number=Sing|Tense=Past|VerbForm=Fin|Voice=Act	_	_	_	@aap1989m-words#@aap1989m#272.941#273.281
977	в	в	ADP	_	_	_	_	_	@aap1989m-words#@aap1989m#273.281#273.621
978	некую	некий	DET	_	Case=Acc|Gender=Fem|Number=Sing	_	_	_	@aap1989m-words#@aap1989m#273.621#273.961
979	моду	мода	NOUN	_	Animacy=Inan|Case=Acc|Gender=Fem|Number=Sing	_	_	_	@aap1989m-words#@aap1989m#273.961#274.301
980	потому	потому	ADV	_	_	_	_	_	@aap1989m-words#@aap1989m#274.301#274.641
981	что	что	SCONJ	_	_	_	_	_	@aap1989m-words#@aap1989m#274.641#274.981
982	там	там	ADV	_	_	_	_	_	@aap1989m-words#@aap1989m#274.981#275.321
983	не	не	PART	_	_	_	_	_	@aap1989m-words#@aap1989m#275.321#275.661
984	знаю	знать	VERB	_	Aspect=Imp|Mood=Ind|Number=Sing|Person=1|Tense=Pres|VerbForm=Fin|Voice=Act	_	_	_	@aap1989m-words#@aap1989m#275.661#276.001
985	какие-то	какой-то	DET	_	Case=Nom|Number=Plur	_	_	_	@aap1989m-words#@aap1989m#276.001#276.341
986	ролики	ролик	NOUN	_	Animacy=Inan|Case=Nom|Gender=Masc|Number=Plur	_	_	_	@aap1989m-words#@aap1989m#276.341#276.681
987	/	/	PUNCT	_	_	_	_	_	@aap1989m-words#@aap1989m#276.681#277.021
988	аа	аа	INTJ	_	Animacy=Inan|Case=Nom|Gender=Fem|Number=Sing	_	_	_	@aap1989m-words#@aap1989m#277.021#277.361
989	мм	мм INTJ	_	Animacy=Inan|Case=Gen|Gender=Masc|Number=Sing	_	_	_	@aap1989m-words#@aap1989m#277.361#277.701
990	/	/	PUNCT	_	_	_	_	_	@aap1989m-words#@aap1989m#277.701#278.041
991	значит	значить	VERB	_	Aspect=Imp|Mood=Ind|Number=Sing|Person=3|Tense=Pres|VerbForm=Fin|Voice=Act	_	_	_	@aap1989m-words#@aap1989m#278.041#278.381
992	/	/	PUNCT	_	_	_	_	_	@aap1989m-words#@aap1989m#278.381#278.721
993	стихов	стих	NOUN	_	Animacy=Inan|Case=Gen|Gender=Masc|Number=Plur	_	_	_	@aap1989m-words#@aap1989m#278.721#279.061
994	/	/	PUNCT	_	_	_	_	_	@aap1989m-words#@aap1989m#279.061#279.401
995	просто	просто	PART	_	_	_	_	_	@aap1989m-words#@aap1989m#279.401#279.741
996	стихотворений	стихотворение	ADJ	_	Case=Nom|Degree=Pos|Gender=Neut|Number=Sing	_	_	_	@aap1989m-words#@aap1989m#279.741#280.081
997	без	без	ADP	_	_	_	_	_	@aap1989m-words#@aap1989m#280.081#280.421
998	каких-либо	какой-либо	DET	_	Case=Gen|Number=Plur	_	_	_	@aap1989m-words#@aap1989m#280.421#280.761
999	/	/	PUNCT	_	_	_	_	_	@aap1989m-words#@aap1989m#280.761#281.101
1000	вот	вот	PART	_	_	_	_	_	@aap1989m-words#@aap1989m#281.101#281.441
1001	искренние	искренний	ADJ	_	Case=Nom|Degree=Pos|Number=Plur	_	_	_	@aap1989m-words#@aap1989m#281.441#281.781
1002	/	/	PUNCT	_	_	_	_	_	@aap1989m-words#@aap1989m#281.781#282.121
1003	максимально	максимально	ADV	_	_	_	_	_	@aap1989m-words#@aap1989m#282.121#282.461
1004	искренние	искренний	ADJ	_	Case=Nom|Degree=Pos|Number=Plur	_	_	_	@aap1989m-words#@aap1989m#282.461#282.801
1005	стихотворения	стихотворение	NOUN	_	Animacy=Inan|Case=Nom|Gender=Neut|Number=Plur	_	_	_	@aap1989m-words#@aap1989m#282.801#283.141
1006	начали	начать	VERB	_	Aspect=Perf|Mood=Ind|Number=Plur|Tense=Past|VerbForm=Fin|Voice=Act	_	_	_	@aap1989m-words#@aap1989m#283.141#283.481
1007	набирать	набирать	VERB	_	Aspect=Imp|VerbForm=Inf|Voice=Act	_	_	_	@aap1989m-words#@aap1989m#283.481#283.821
1008	милионные	милионный	ADJ	_	Animacy=Inan|Case=Acc|Degree=Pos|Number=Plur	_	_	_	@aap1989m-words#@aap1989m#283.821#284.161
1009	просмотры	просмотр	NOUN	_	Animacy=Inan|Case=Acc|Gender=Masc|Number=Plur	_	_	_	@aap1989m-words#@aap1989m#284.161#284.501
1010	/	/	PUNCT	_	_	_	_	_	@aap1989m-words#@aap1989m#284.501#284.841
1011	и	и	CCONJ	_	_	_	_	_	@aap1989m-words#@aap1989m#284.841#285.181
1012	аа	аа	INTJ	_	Animacy=Inan|Case=Gen|Gender=Masc|Number=Sing	_	_	_	@aap1989m-words#@aap1989m#285.181#285.521
1013	/	/	PUNCT	_	_	_	_	_	@aap1989m-words#@aap1989m#285.521#285.861
1014	люди	человек	NOUN	_	Animacy=Anim|Case=Nom|Gender=Masc|Number=Plur	_	_	_	@aap1989m-words#@aap1989m#285.861#286.201
1015	/	/	PUNCT	_	_	_	_	_	@aap1989m-words#@aap1989m#286.201#286.541
1016	вдруг	вдруг	ADV	_	_	_	_	_	@aap1989m-words#@aap1989m#286.541#286.881
1017	/	/	PUNCT	_	_	_	_	_	@aap1989m-words#@aap1989m#286.881#287.221
1018	поняли	понять	VERB	_	Aspect=Perf|Mood=Ind|Number=Plur|Tense=Past|VerbForm=Fin|Voice=Act	_	_	_	@aap1989m-words#@aap1989m#287.221#287.561
1019	то	то	DET	_	Case=Acc|Gender=Neut|Number=Sing	_	_	_	@aap1989m-words#@aap1989m#287.561#287.901
1020	что	что	SCONJ	_	_ _	_	_	@aap1989m-words#@aap1989m#287.901#288.241
1021	/	/	PUNCT	_	_	_	_	_	@aap1989m-words#@aap1989m#288.241#288.581
1022	а	а	INTJ	_	_	_	_	_	@aap1989m-words#@aap1989m#288.581#288.921
1023	/	/	PUNCT	_	_	_	_	_	@aap1989m-words#@aap1989m#288.921#289.261
1024	это	это	PRON	_	Animacy=Inan|Case=Acc|Gender=Neut|Number=Sing	_	_	_	@aap1989m-words#@aap1989m#289.261#289.601
1025	не	не	PART	_	_	_	_	_	@aap1989m-words#@aap1989m#289.601#289.941
1026	постыдное	постыдный	ADJ	_	Case=Nom|Degree=Pos|Gender=Neut|Number=Sing	_	_	_	@aap1989m-words#@aap1989m#289.941#290.281
1027	занятие	занятие	NOUN	_	Animacy=Inan|Case=Nom|Gender=Neut|Number=Sing	_	_	_	@aap1989m-words#@aap1989m#290.281#290.621
1028	любить	любить	VERB	_	Aspect=Imp|VerbForm=Inf|Voice=Act	_	_	_	@aap1989m-words#@aap1989m#290.621#290.961
1029	поэзию	поэзия	NOUN	_	Animacy=Inan|Case=Acc|Gender=Fem|Number=Sing	_	_	_	@aap1989m-words#@aap1989m#290.961#291.301
1030	/	/	PUNCT	_	_	_	_	_	@aap1989m-words#@aap1989m#291.301#291.641
1031	писать	писать	VERB	_	Aspect=Imp|VerbForm=Inf|Voice=Act	_	_	_	@aap1989m-words#@aap1989m#291.641#291.981
1032	стихи	стих	NOUN	_	Animacy=Inan|Case=Acc|Gender=Masc|Number=Plur	_	_	_	@aap1989m-words#@aap1989m#291.981#292.321
1033	/	/	PUNCT	_	_	_	_	_	@aap1989m-words#@aap1989m#292.321#292.661
1034	а	а	CCONJ	_	_	_	_	_	@aap1989m-words#@aap1989m#292.661#293.001
1035	это	это	PRON	_	Animacy=Inan|Case=Nom|Gender=Neut|Number=Sing	_	_	_	@aap1989m-words#@aap1989m#293.001#293.341
1036	очень	очень	ADV	_	_	_	_	_	@aap1989m-words#@aap1989m#293.341#293.681
1037	крутая	крутой	ADJ	_	Case=Nom|Degree=Pos|Gender=Fem|Number=Sing	_	_	_	@aap1989m-words#@aap1989m#293.681#294.021
1038	штука	штука	NOUN	_	Animacy=Anim|Case=Nom|Gender=Fem|Number=Sing	_	_	_	@aap1989m-words#@aap1989m#294.021#294.361
1039	/	/	PUNCT	_	_	_	_	_	@aap1989m-words#@aap1989m#294.361#294.701
1040	на	на	ADP	_	_	_	_	_	@aap1989m-words#@aap1989m#294.701#295.041
1041	самом	самый	ADJ	_	Case=Loc|Degree=Pos|Gender=Neut|Number=Sing	_	_	_	@aap1989m-words#@aap1989m#295.041#295.381
1042	д...	дело	NOUN	_	Animacy=Inan|Case=Loc|Gender=Neut|Number=Sing	_	_	_	@aap1989m-words#@aap1989m#295.381#295.749
